tfidf_similarity,skill_overlap_ratio,resume_word_count,ai_match_score
0.1529391122711987,0.2105263157894736,651,49.4
0.1312863200163736,0.2105263157894736,688,77.64
0.2354869596940544,0.4210526315789473,1013,100.0
0.0787063517876221,0.1052631578947368,372,32.63
0.3867623069040408,0.5789473684210527,1199,86.03
0.1462631266751785,0.2105263157894736,653,73.15
0.2344509008305579,0.5789473684210527,629,71.36
0.2105842169297907,0.2105263157894736,1085,86.03
0.2166279351909655,0.2631578947368421,788,95.81
0.3036249067016719,0.2105263157894736,700,90.92
0.1712123816223955,0.3684210526315789,670,78.74
0.306811219590627,0.4210526315789473,1102,86.03
0.1576964355354347,0.3157894736842105,722,90.22
0.2228864780579412,0.1578947368421052,707,81.84
0.2505184696726057,0.2631578947368421,721,78.34
0.0682386134111572,0.1578947368421052,745,38.92
0.2200659036495638,0.2105263157894736,701,90.22
0.2526166098335382,0.4736842105263157,1086,95.81
0.2499056811464892,0.3157894736842105,631,95.81
0.2817638825181528,0.3684210526315789,794,91.62
0.080380870325289,0.1578947368421052,611,42.42
0.2381908338395515,0.5263157894736842,1082,81.84
0.2599340066047068,0.3684210526315789,1513,86.03
0.2728301316088949,0.3157894736842105,621,85.33
0.2381935337401099,0.3684210526315789,744,76.95
0.1878773982824091,0.1052631578947368,576,80.44
0.2306816324424658,0.2631578947368421,796,95.81
0.2132206109512122,0.2105263157894736,687,92.32
0.1390185629523135,0.2105263157894736,643,57.39
0.063833512201765,0.1578947368421052,921,69.96
0.2045342680940812,0.3684210526315789,778,81.84
0.3066148476336251,0.4736842105263157,771,86.03
0.3497578373921499,0.4736842105263157,905,83.93
0.2504696709079228,0.4210526315789473,1539,83.23
0.1215188386044772,0.1052631578947368,716,83.23
0.2366190787793732,0.3684210526315789,1009,95.81
0.2533377759738994,0.4210526315789473,630,91.62
0.2554357508004125,0.4736842105263157,1204,71.36
0.1332711659509423,0.1578947368421052,612,66.17
0.168919577002146,0.2631578947368421,704,66.47
0.1730013601643373,0.1578947368421052,689,79.74
0.2349731952297175,0.3157894736842105,739,93.41
0.2846752600402787,0.3684210526315789,852,95.11
0.1005981441492818,0.2105263157894736,832,52.89
0.1931208788171458,0.2631578947368421,803,86.03
0.1129266716363091,0.3684210526315789,571,79.74
0.2349137694929765,0.2631578947368421,881,90.92
0.2398562310131695,0.3157894736842105,1087,89.52
0.2066196146938503,0.3157894736842105,651,85.33
0.1928194432846237,0.1052631578947368,412,64.37
0.1104746833703416,0.1052631578947368,892,71.36
0.2075767307764055,0.4736842105263157,897,81.84
0.2310337953092997,0.3684210526315789,1169,90.92
0.2604786713583185,0.3684210526315789,811,75.55
0.2067980311790329,0.2105263157894736,818,72.06
0.3605122825160689,0.4736842105263157,819,96.51
0.1469966421186024,0.2631578947368421,735,86.73
0.2170192087560079,0.4210526315789473,811,100.0
0.3565274257629769,0.4210526315789473,1058,96.51
0.0857243897472049,0.4210526315789473,693,45.51
0.2518995783862857,0.3157894736842105,976,80.44
0.2252231881534667,0.2631578947368421,1026,95.81
0.1659883282515571,0.1052631578947368,693,90.22
0.1061401927254029,0.1052631578947368,690,90.22
0.2236499146789279,0.4210526315789473,689,62.97
0.3006787270316678,0.4210526315789473,844,95.11
0.098688598923912,0.1052631578947368,746,64.07
0.2768602170387758,0.3157894736842105,881,87.43
0.2887671219460404,0.3157894736842105,663,77.64
0.2637161778400798,0.3157894736842105,700,76.95
0.2263473427086038,0.3157894736842105,718,90.92
0.2028723523006964,0.2105263157894736,697,48.3
0.2913800037647424,0.2631578947368421,661,90.22
0.216302941265712,0.4736842105263157,643,93.41
0.1139822840974685,0.2105263157894736,707,58.48
0.2352328598356783,0.3157894736842105,730,81.84
0.0844675313877376,0.1578947368421052,664,52.89
0.4006675766216956,0.4736842105263157,743,95.81
0.2241966298959945,0.1578947368421052,1035,84.63
0.1867038589661475,0.1052631578947368,668,90.92
0.223553321360703,0.3684210526315789,898,72.75
0.3093366287426146,0.4210526315789473,2254,95.81
0.1128798246007154,0.3684210526315789,499,57.39
0.2676454823764084,0.4210526315789473,990,95.11
0.1750946639621494,0.3684210526315789,808,64.37
0.3509274248466655,0.3157894736842105,661,95.81
0.2674886781062419,0.3684210526315789,663,75.55
0.2173057457723229,0.4736842105263157,1754,86.73
0.2685913772168843,0.2105263157894736,658,67.86
0.2682302840045573,0.5789473684210527,1649,95.81
0.2729653324523231,0.3157894736842105,636,78.04
0.1925200030828535,0.2631578947368421,1302,86.03
0.3223274631811359,0.3684210526315789,828,100.0
0.2920781518918477,0.4736842105263157,620,90.92
0.2176250097626818,0.1578947368421052,3114,100.0
0.2732130400685507,0.4210526315789473,1047,85.33
0.062018234067704,0.0526315789473684,1196,69.26
0.1291409516457197,0.0526315789473684,635,82.53
0.1233573800046184,0.1052631578947368,674,55.69
0.1274801137637643,0.1578947368421052,238,37.13
0.134168257756037,0.2105263157894736,640,76.25
0.4012428608736487,0.5263157894736842,901,100.0
0.1048932857971359,0.0526315789473684,707,43.81
0.1705117024832388,0.1052631578947368,668,84.63
0.2367757389778551,0.5263157894736842,899,88.52
0.4225447304631484,0.5263157894736842,658,86.03
0.1862445838009558,0.2105263157894736,771,65.07
0.1541736244660844,0.3157894736842105,710,64.07
0.2091894744712689,0.4210526315789473,750,90.92
0.1676639220036583,0.2105263157894736,654,95.81
0.1852912238939428,0.0,577,21.88
0.149249692978925,0.2352941176470588,555,24.12
0.0654995290877998,0.1176470588235294,236,8.25
0.1992068796607237,0.1764705882352941,748,18.94
0.1544831782509004,0.1176470588235294,233,23.42
0.193865357639581,0.1764705882352941,358,22.9
0.1128005233210852,0.3529411764705882,886,23.42
0.0275782928159828,0.0588235294117647,300,19.07
0.1742665843724861,0.0588235294117647,634,23.42
0.1861629917859475,0.0,920,12.48
0.1650404773179713,0.1176470588235294,1531,61.48
0.0346286744787837,0.1176470588235294,409,13.63
0.0732976845980008,0.1176470588235294,1075,14.01
0.1484808819567513,0.1176470588235294,1044,17.59
0.120822024834908,0.0,789,15.23
0.0768125944843744,0.0588235294117647,865,14.01
0.1954616110432448,0.0588235294117647,1099,11.84
0.0733817640251088,0.1764705882352941,1274,24.76
0.0671273276342333,0.1176470588235294,700,16.76
0.1644638613473437,0.1764705882352941,805,14.46
0.0524659363623448,0.0,122,9.34
0.1756756165137742,0.4117647058823529,1339,29.05
0.1207449562794245,0.1176470588235294,691,20.35
0.036817956577195,0.0,283,19.9
0.1076447830557445,0.0588235294117647,192,15.87
0.1757852445211823,0.0588235294117647,669,13.56
0.0688621751056899,0.0,487,12.48
0.162486192943623,0.2352941176470588,1094,14.01
0.0911052287238301,0.0588235294117647,806,17.21
0.1851624946923294,0.0588235294117647,327,16.7
0.1129989915270118,0.0588235294117647,333,16.51
0.1319069339084075,0.3529411764705882,752,32.18
0.0803280797496539,0.0588235294117647,710,6.72
0.1387757049020303,0.1176470588235294,447,16.25
0.1649608421702982,0.0,581,14.01
0.1946415384932672,0.2941176470588235,1641,37.3
0.1050171265407293,0.1176470588235294,358,24.76
0.3266340533870942,0.1176470588235294,700,30.13
0.1018021655945321,0.1176470588235294,1173,17.59
0.0807809317319034,0.0,425,18.04
0.0728907276537854,0.0588235294117647,280,17.02
0.2341282814556392,0.0588235294117647,248,29.24
0.1987777907724873,0.1176470588235294,835,20.28
0.0710019685809323,0.0,125,5.18
0.0687142177398914,0.2941176470588235,697,17.15
0.1857393587867296,0.0588235294117647,846,12.73
0.3180379923364818,0.0588235294117647,597,18.94
0.1841225940576086,0.0,309,16.57
0.1655615348127928,0.1764705882352941,2290,12.67
0.1825943237552227,0.0,891,23.42
0.0366026691086319,0.0,247,18.3
0.3336966547504502,0.2941176470588235,747,51.18
0.0435218908448415,0.0588235294117647,718,7.04
0.1492962233342821,0.1176470588235294,812,21.63
0.1381539351403558,0.0,419,17.59
0.0230969833390739,0.0588235294117647,1110,28.34
0.0312498623547254,0.0,765,20.28
0.0348995093819561,0.0588235294117647,756,6.53
0.0812416648725621,0.1176470588235294,954,9.21
0.0856071623233142,0.0,525,11.64
0.1410484952698417,0.0588235294117647,890,17.21
0.243007241460768,0.1176470588235294,713,11.32
0.0780607917519464,0.0588235294117647,479,15.87
0.1638004988390106,0.0,466,16.25
0.0566767803339123,0.0588235294117647,764,14.01
0.1232660940582879,0.0588235294117647,556,10.75
0.4646516278019443,0.2941176470588235,358,61.48
0.0558789155444221,0.0,305,14.72
0.2210211170444106,0.0,237,14.2
0.0497997284281479,0.2352941176470588,707,20.28
0.0262400220952547,0.0,771,7.87
0.071405698267736,0.0,807,12.28
0.3439383133726956,0.1176470588235294,2268,53.87
0.2177131139850142,0.0,1073,20.09
0.1411587350507619,0.0588235294117647,1072,14.01
0.1637011678107617,0.0,643,12.28
0.1602796742022614,0.0,455,18.75
0.0736263686021025,0.0588235294117647,390,14.01
0.22419425071092,0.0,332,19.0
0.0889956392626138,0.0588235294117647,530,25.02
0.1753517429995379,0.0,286,14.72
0.0313388817199355,0.0588235294117647,249,18.75
0.2438171797920013,0.0,876,27.45
0.1040720763515183,0.1176470588235294,707,17.21
0.0911659455261246,0.0588235294117647,896,22.07
0.1901236229308583,0.1176470588235294,805,14.72
0.122948256173141,0.1176470588235294,952,32.82
0.2109759555321257,0.1764705882352941,679,23.42
0.1470648522322961,0.1176470588235294,781,30.39
0.4437542597735123,0.3529411764705882,1442,69.55
0.1019169331236542,0.1764705882352941,723,33.72
0.1780792193977824,0.0588235294117647,932,21.63
0.1112641433138986,0.0588235294117647,878,25.21
0.1956126947962096,0.2352941176470588,628,20.28
0.0543323953388003,0.0,824,16.51
0.0517891417780076,0.0588235294117647,869,14.01
0.1755770169002692,0.3529411764705882,841,33.72
0.0643488392955375,0.1176470588235294,491,12.48
0.1671865454425311,0.1764705882352941,1547,66.86
0.192215013386721,0.1764705882352941,687,20.09
0.3540289783940416,0.2941176470588235,645,52.98
0.1045953910447962,0.1176470588235294,747,26.55
0.1006198958753099,0.0588235294117647,680,12.67
0.0623264515354105,0.0,1069,11.13
0.153803127457225,0.1764705882352941,740,47.6
0.0766869244964053,0.1176470588235294,446,8.57
0.0462853953600733,0.1176470588235294,789,14.01
0.1529541742777173,0.0869565217391304,610,62.82
0.1696068446935609,0.1304347826086956,800,78.55
0.1156719123109863,0.0869565217391304,530,67.82
0.0897561955581685,0.1304347826086956,661,41.37
0.1068410654897815,0.1304347826086956,559,32.79
0.1987198205101344,0.0434782608695652,940,75.69
0.2089394869881083,0.3043478260869565,2028,72.83
0.1273768875318452,0.0869565217391304,882,80.69
0.23110867103402,0.0869565217391304,945,78.55
0.1414302466383132,0.0869565217391304,1203,62.1
0.1111074003833177,0.0869565217391304,648,78.55
0.1069046590409613,0.1739130434782608,1179,67.82
0.1565644131358832,0.217391304347826,704,57.81
0.128471949203491,0.217391304347826,778,57.81
0.1858631449969944,0.217391304347826,654,84.98
0.220379556684935,0.0869565217391304,893,77.12
0.1603320716484066,0.1739130434782608,1214,77.83
0.1978172973743873,0.0869565217391304,1566,83.55
0.1029807053072903,0.2608695652173913,717,30.03
0.2614633190055631,0.1739130434782608,837,79.98
0.1325344973865204,0.1304347826086956,701,65.68
0.1325650891057486,0.0869565217391304,863,41.37
0.2093062023581678,0.1739130434782608,911,92.13
0.0427686014119623,0.0434782608695652,326,19.31
0.2427672226198212,0.217391304347826,864,87.84
0.2376007880990804,0.1739130434782608,694,82.84
0.1087837937181012,0.217391304347826,716,47.09
0.3596631418685933,0.1739130434782608,1280,90.7
0.2000653454618746,0.1304347826086956,646,63.53
0.1243047430879353,0.1739130434782608,964,44.94
0.1576138500946024,0.1304347826086956,783,83.55
0.0943626460900055,0.0869565217391304,725,30.75
0.1054179220073052,0.0434782608695652,372,36.47
0.2522618702399741,0.3043478260869565,1638,85.7
0.1802859980139575,0.1739130434782608,571,87.13
0.0519441730864271,0.0434782608695652,381,27.07
0.1802009749423401,0.1739130434782608,993,83.55
0.2069154350423352,0.217391304347826,1316,82.12
0.0887434111769733,0.0434782608695652,560,45.66
0.0296714032824438,0.0,1327,28.5
0.0684400418734422,0.0869565217391304,853,57.81
0.1838973906994971,0.1739130434782608,1650,74.26
0.2281986579185342,0.1739130434782608,1846,84.27
0.1622468976120471,0.0869565217391304,627,64.35
0.1310263206292539,0.0869565217391304,234,42.9
0.1758207343088991,0.1304347826086956,906,83.55
0.1569252650645717,0.1739130434782608,954,84.98
0.1569752741177847,0.0869565217391304,374,55.77
0.1141736003604806,0.1739130434782608,457,21.96
0.1893057984990764,0.1304347826086956,695,67.11
0.1877473950086226,0.217391304347826,778,59.96
0.0956971782907316,0.1739130434782608,690,30.64
0.1453387095719174,0.1304347826086956,796,61.39
0.2357191749698042,0.217391304347826,877,75.69
0.0382310792434235,0.0,745,9.19
0.2215592904489694,0.0869565217391304,633,94.99
0.186684797494642,0.217391304347826,719,80.69
0.2437533151527629,0.1304347826086956,602,85.7
0.1449482488428176,0.0869565217391304,1078,86.41
0.095434928290633,0.1739130434782608,873,48.52
0.1729904481694573,0.1304347826086956,740,82.84
0.1814705128907678,0.0434782608695652,681,77.12
0.1443693926544319,0.0,720,58.53
0.1287259582905889,0.2608695652173913,1259,72.11
0.2082687746098591,0.217391304347826,914,78.55
0.230042765988207,0.1739130434782608,1055,91.42
0.1385650590104232,0.217391304347826,1230,66.39
0.1153790483395226,0.1739130434782608,870,62.1
0.1963905463762277,0.217391304347826,906,74.26
0.1588231108753598,0.0434782608695652,413,70.68
0.2504130267134636,0.1304347826086956,972,76.4
0.1109942438943102,0.2608695652173913,999,38.51
0.117772439136256,0.217391304347826,885,69.25
0.1832725375774985,0.2608695652173913,632,76.4
0.0907304336993742,0.1304347826086956,783,34.22
0.0996509584256335,0.217391304347826,797,40.65
0.2662519291421465,0.1739130434782608,1342,81.41
0.2644951674330164,0.1304347826086956,1160,96.42
0.3411432419908289,0.217391304347826,773,90.7
0.197440281257896,0.1739130434782608,1167,81.41
0.1212176979634519,0.2608695652173913,1226,40.65
0.2342753548045613,0.1304347826086956,960,57.51
0.1341158964898866,0.1304347826086956,1484,74.97
0.2491134850909049,0.0869565217391304,695,89.27
0.2993678786321514,0.1739130434782608,1029,84.98
0.1838847000622413,0.217391304347826,1129,54.95
0.2285673228753277,0.3043478260869565,1391,90.7
0.2698787729358416,0.217391304347826,645,69.97
0.1227349938576482,0.0869565217391304,1316,65.07
0.0512497866880422,0.1304347826086956,815,29.21
0.046940271142709,0.0869565217391304,649,21.45
0.1251920029663129,0.0434782608695652,398,44.33
0.0643427934463335,0.0869565217391304,1309,37.79
0.1185395763286178,0.217391304347826,801,70.68
0.0665754998925261,0.0869565217391304,1218,25.54
0.1012732308898729,0.1739130434782608,613,34.93
0.0320399456380824,0.0869565217391304,2064,4.9
0.1432121512763652,0.217391304347826,729,72.83
0.0670896420383755,0.0434782608695652,699,37.79
0.0945039667855994,0.1739130434782608,1428,36.36
0.1435935241330608,0.1304347826086956,608,72.11
0.1205091561672477,0.2608695652173913,1244,42.8
0.0631955569415148,0.0434782608695652,928,30.75
0.0473228957324598,0.1304347826086956,313,10.42
0.1303622435976037,0.0869565217391304,1719,74.26
0.0474171823904298,0.1304347826086956,822,32.07
0.0867942205623074,0.0869565217391304,679,22.68
0.1638458256625206,0.1739130434782608,1023,90.7
0.1867224328417673,0.1739130434782608,716,74.26
0.3186743990893185,0.217391304347826,903,94.99
0.2012686497146641,0.1739130434782608,679,73.54
0.0525093472950934,0.0869565217391304,729,22.88
0.2635675554909657,0.1304347826086956,1075,79.26
0.1681795134265247,0.2608695652173913,1054,72.83
0.1839102383156909,0.3043478260869565,2674,97.85
0.2583926172235232,0.217391304347826,728,78.55
0.1267397214276417,0.0869565217391304,663,72.83
0.2777338447302659,0.3043478260869565,866,82.84
0.0746358707676063,0.0869565217391304,1759,54.95
0.1035864257656427,0.1739130434782608,734,37.08
0.3326045430638902,0.0714285714285714,885,46.86
0.1823998048273885,0.0714285714285714,333,37.91
0.1700370064371256,0.1428571428571428,345,37.2
0.046836341380104,0.1428571428571428,359,9.57
0.2571302003254394,0.1428571428571428,779,64.04
0.2953323283230891,0.1428571428571428,735,35.52
0.1076296883334819,0.0,610,23.65
0.2870582196547351,0.1428571428571428,737,61.56
0.28051589657366,0.2857142857142857,881,62.18
0.3011124087501526,0.0714285714285714,779,52.79
0.2741614889327123,0.2142857142857142,720,89.46
0.1777958421018004,0.3571428571428571,613,31.71
0.321483077871262,0.2142857142857142,897,55.0
0.3083129900642068,0.2857142857142857,1019,62.71
0.1483413983213061,0.0,940,30.38
0.0948557741416221,0.0714285714285714,735,36.14
0.099702986645523,0.2142857142857142,698,29.58
0.1354286847536749,0.0,868,46.32
0.3298974063199231,0.2857142857142857,562,70.5
0.29993016725945,0.0714285714285714,782,78.92
0.2851758835747777,0.1428571428571428,478,38.8
0.0674449986642667,0.0714285714285714,693,23.29
0.3082699836403094,0.2142857142857142,874,54.38
0.0497048267526217,0.0,708,23.74
0.1737344072765546,0.2142857142857142,579,44.82
0.2429453303597511,0.0714285714285714,746,43.14
0.1173639861451619,0.1428571428571428,826,41.63
0.1138392630456371,0.0714285714285714,651,50.4
0.1578327334983023,0.1428571428571428,989,28.61
0.1355184495503542,0.0714285714285714,726,54.12
0.3370144053586938,0.2142857142857142,674,54.92
0.0991779446880009,0.1428571428571428,609,30.12
0.253464583592153,0.3571428571428571,890,36.94
0.1026377307364842,0.0,816,50.4
0.0410941518607863,0.1428571428571428,802,19.4
0.1257631298104287,0.0,359,10.81
0.0552383205823201,0.0714285714285714,322,8.77
0.3921928527457611,0.2857142857142857,835,60.94
0.2862186767372409,0.2142857142857142,284,63.68
0.1959817377345954,0.0714285714285714,855,44.46
0.1905410977955475,0.0,396,56.6
0.3343003244675037,0.2142857142857142,910,72.36
0.216435795039863,0.1428571428571428,647,24.53
0.2953137669978963,0.1428571428571428,718,51.82
0.2469078178259451,0.1428571428571428,786,64.66
0.1735729034020064,0.1428571428571428,795,46.86
0.04596369320184,0.0714285714285714,1513,16.21
0.1928284563668053,0.3571428571428571,1106,41.54
0.1703188198773636,0.0,729,43.22
0.0624387628903568,0.0714285714285714,643,47.3
0.1635862179550146,0.0714285714285714,363,53.68
0.2055454708849168,0.0,795,56.6
0.2052773153092571,0.2142857142857142,648,59.7
0.1957025848504473,0.1428571428571428,249,40.66
0.2382481949452825,0.0714285714285714,336,47.21
0.2051735182134949,0.2857142857142857,326,49.07
0.0498298561936843,0.0714285714285714,264,8.5
0.1184057918481484,0.0714285714285714,200,22.05
0.1264928970352725,0.2142857142857142,269,44.02
0.2756219191771354,0.0714285714285714,713,59.61
0.2041204392863061,0.0714285714285714,670,50.4
0.0498739281660395,0.1428571428571428,176,8.24
0.2950685197718583,0.1428571428571428,414,51.64
0.0926034874529848,0.0,281,40.48
0.0693972826129405,0.0,414,31.8
0.1141846315453866,0.2142857142857142,466,29.5
0.0908968008385088,0.0714285714285714,629,23.74
0.0901318475564654,0.1428571428571428,303,17.71
0.0787204561606938,0.0,246,20.9
0.2780991192662094,0.1428571428571428,757,67.14
0.0720906370245352,0.1428571428571428,2683,30.12
0.0317776325091732,0.0,836,20.55
0.2079990013449582,0.2857142857142857,641,33.22
0.3092462248324121,0.2857142857142857,746,57.75
0.1655446661078567,0.0714285714285714,820,19.31
0.1449460700550255,0.1428571428571428,313,45.62
0.1135678877239469,0.0,425,47.83
0.2708584700019101,0.2142857142857142,1145,49.42
0.2507136949753734,0.0714285714285714,756,41.28
0.4182967588171501,0.1428571428571428,1071,49.96
0.0973884951719595,0.2142857142857142,685,40.39
0.3259344559253222,0.1428571428571428,622,48.72
0.2964959613932086,0.0,782,53.06
0.1869083952248289,0.1428571428571428,674,47.56
0.1335529796696582,0.0,470,20.81
0.3609695585340946,0.4285714285714285,1810,59.7
0.1735703491213083,0.1428571428571428,818,54.92
0.2785225584854361,0.0,716,37.64
0.2683835104110631,0.0714285714285714,606,50.58
0.341610925472901,0.0714285714285714,703,69.53
0.0744285295468584,0.2142857142857142,694,29.32
0.1039783724425767,0.0714285714285714,461,31.44
0.2058629930244206,0.1428571428571428,662,55.98
0.3294061111156958,0.2857142857142857,834,60.32
0.2591389145503481,0.0,839,64.66
0.2002326269693524,0.1428571428571428,774,52.52
0.0576896194288567,0.0714285714285714,700,18.07
0.304505265483695,0.3571428571428571,673,41.36
0.2450085550909861,0.0,685,47.92
0.2715393130181496,0.1428571428571428,775,75.82
0.1503988960337904,0.0,1220,41.72
0.1514502745309607,0.1428571428571428,1409,50.58
0.0788938919700537,0.1333333333333333,618,47.89
0.1238566940160508,0.2666666666666666,1006,30.15
0.0635563201319723,0.2,628,31.6
0.0360524971172607,0.0666666666666666,745,20.24
0.07251407126058,0.1333333333333333,951,21.76
0.0500763130841461,0.0,403,50.31
0.0789879573911733,0.0666666666666666,806,29.24
0.0471194312113684,0.0,654,26.26
0.0603780971238179,0.2,737,27.72
0.0663874678034009,0.0666666666666666,723,23.15
0.0234003542056007,0.0,687,20.03
0.0624546576858218,0.1333333333333333,735,27.72
0.0420893788523912,0.0666666666666666,418,13.51
0.0591119635222594,0.2,665,28.21
0.0394238139643044,0.0666666666666666,689,34.03
0.0200372885567075,0.0,882,11.02
0.0553907978929152,0.0666666666666666,513,18.78
0.0533071654941119,0.2666666666666666,1004,35.97
0.0637018817802623,0.2,626,20.24
0.1445460419747141,0.2,1581,34.79
0.0640144244728462,0.0666666666666666,685,23.35
0.0811718306540213,0.2666666666666666,664,33.61
0.0326911294051549,0.1333333333333333,455,30.15
0.0686825306651674,0.2,948,25.57
0.1583691457862122,0.2,631,53.5
0.0961553936913333,0.3333333333333333,637,35.83
0.0350011383600502,0.0666666666666666,673,16.91
0.0838856952085604,0.2,660,29.94
0.0292378779637036,0.1333333333333333,299,16.91
0.044327325315398,0.1333333333333333,756,28.48
0.0323131846583675,0.0666666666666666,647,24.6
0.1180338372266855,0.2666666666666666,1709,40.61
0.087184325497333,0.2666666666666666,635,25.92
0.0359402784862142,0.1333333333333333,923,26.06
0.0599715203795121,0.1333333333333333,631,19.4
0.0473068646094207,0.2,657,26.06
0.1309410589120771,0.2,685,58.07
0.0458912089994967,0.1333333333333333,795,13.1
0.0411440717119946,0.0666666666666666,715,24.81
0.0379019294460007,0.1333333333333333,691,18.36
0.0713820850298158,0.1333333333333333,725,26.54
0.0370926703783331,0.2,508,20.24
0.0435771302702224,0.0666666666666666,983,28.69
0.0328961480066023,0.1333333333333333,645,21.48
0.0585049319702453,0.1333333333333333,917,27.72
0.078066890308585,0.0666666666666666,603,38.18
0.0723384588454138,0.1333333333333333,649,27.72
0.0753070450904918,0.0666666666666666,631,26.26
0.0468331283002983,0.0,993,24.81
0.1329749709269953,0.2666666666666666,935,27.03
0.066410312784072,0.1333333333333333,956,27.23
0.0695815846006861,0.2666666666666666,841,24.32
0.0874674579312979,0.1333333333333333,694,33.82
0.0580266487031503,0.0666666666666666,2239,28.69
0.1079041628409242,0.2666666666666666,1822,33.54
0.0434695013932836,0.0666666666666666,739,23.15
0.0679229653926792,0.0666666666666666,596,27.03
0.0554620081363915,0.0666666666666666,1275,30.91
0.0267704506399232,0.0,1108,18.3
0.0428836859801946,0.2666666666666666,970,27.72
0.0469626098893836,0.2666666666666666,1114,32.85
0.0512617852904255,0.1333333333333333,771,23.15
0.0391502098721009,0.0666666666666666,931,27.03
0.1096786125550885,0.0666666666666666,1925,51.77
0.0304852381596536,0.1333333333333333,834,35.97
0.0373904001441508,0.0,786,21.9
0.0467183553552001,0.0666666666666666,1620,19.61
0.0629757517482256,0.0666666666666666,696,24.6
0.0664344711613207,0.0666666666666666,639,28.0
0.040710975595511,0.0,815,24.81
0.054758534993142,0.2,697,24.6
0.0843982719915012,0.4666666666666667,1072,24.12
0.0834343871134634,0.2,708,24.74
0.0755934214339633,0.2666666666666666,1057,43.24
0.0592350417430634,0.4,888,22.04
0.0692329280679384,0.2666666666666666,847,24.67
0.0688355214890496,0.1333333333333333,338,20.03
0.0396115209815357,0.0,251,30.91
0.0725653316933064,0.0666666666666666,708,28.0
0.1202262814823656,0.1333333333333333,821,48.37
0.0485884163396679,0.2,637,23.15
0.0684055995931728,0.1333333333333333,721,26.06
0.0248088656378731,0.0666666666666666,650,11.64
0.0418794235778862,0.2,700,16.22
0.0148751487886426,0.0666666666666666,704,20.3
0.0271354861198873,0.0666666666666666,304,19.2
0.0665147100930069,0.1333333333333333,692,22.52
0.0381247694170814,0.1333333333333333,930,19.75
0.0324245112669825,0.1333333333333333,971,24.32
0.0436214551469768,0.0666666666666666,1301,27.72
0.0573419815484387,0.1333333333333333,967,23.15
0.0265070344151679,0.0666666666666666,635,19.75
0.0492832594042036,0.1333333333333333,797,22.52
0.0556902031374174,0.1333333333333333,726,25.64
0.0605739839393539,0.1333333333333333,1080,35.0
0.1495830868236775,0.2,994,56.34
0.0477152594125424,0.2,911,17.88
0.1021126214835547,0.1333333333333333,646,24.81
0.0385064585131691,0.2,634,19.75
0.1031293025301179,0.2666666666666666,872,26.75
0.0383767786861001,0.1333333333333333,1005,27.72
0.0299706497350457,0.0666666666666666,326,14.55
0.0624655293027532,0.1333333333333333,751,36.45
0.1330416942121069,0.0666666666666666,806,23.15
0.0452244286905301,0.0,583,16.29
0.035391301838147,0.1333333333333333,686,17.46
0.0600039231301405,0.1333333333333333,752,32.09
0.0858194054573106,0.2,625,24.67
0.0328755449948976,0.0666666666666666,1056,16.22
0.0408749186290174,0.1333333333333333,932,19.13
0.0276548980265694,0.0666666666666666,592,19.33
0.0440297754400587,0.0,788,17.67
0.1006720902800366,0.2666666666666666,753,30.63
0.0887965620236583,0.2,1535,22.66
0.1572935325844184,0.0666666666666666,765,25.85
0.0507857967838496,0.1333333333333333,1398,27.72
0.0297167162118844,0.0666666666666666,546,21.41
0.3262862225309644,0.2692307692307692,864,74.71
0.3185043836740432,0.3461538461538461,1413,88.7
0.1533335699234335,0.1538461538461538,664,75.79
0.1807367580399001,0.1538461538461538,1028,75.02
0.1402033460649498,0.1923076923076923,629,50.81
0.309162563255702,0.2692307692307692,833,93.54
0.1930884046018636,0.1538461538461538,433,50.81
0.2188491571935772,0.2307692307692307,405,55.11
0.1255888557851366,0.1538461538461538,607,62.64
0.1989570234684674,0.1923076923076923,645,77.94
0.1432712106578018,0.1538461538461538,301,39.89
0.1628823730467839,0.1538461538461538,313,65.87
0.1454002982463652,0.1923076923076923,657,60.72
0.3223344360953145,0.2307692307692307,909,81.17
0.2048477701520746,0.1153846153846153,536,73.1
0.1132915657383622,0.1538461538461538,939,34.2
0.3362046433618659,0.3076923076923077,914,91.93
0.1920617726172145,0.1923076923076923,618,54.57
0.1869934201729614,0.1923076923076923,854,79.02
0.2083970658075916,0.1153846153846153,518,70.95
0.2364235479992256,0.3461538461538461,1344,82.78
0.1716432338574945,0.1538461538461538,1055,69.64
0.2044198524766894,0.2692307692307692,902,70.41
0.200377510233053,0.2307692307692307,639,87.09
0.2826633628697206,0.2692307692307692,985,93.01
0.2442590016188055,0.3846153846153846,677,80.09
0.2072698326300268,0.2307692307692307,1075,86.55
0.1481789057089335,0.2692307692307692,998,60.49
0.2120801105586305,0.2692307692307692,356,61.64
0.2733610956591709,0.1153846153846153,485,64.8
0.0741755600530277,0.0769230769230769,265,31.82
0.1856788596838056,0.1153846153846153,368,41.51
0.2196250757701726,0.1538461538461538,795,72.02
0.2319313148105355,0.1923076923076923,968,85.47
0.0310215460744477,0.0384615384615384,839,12.99
0.2905666982478002,0.1538461538461538,640,86.01
0.1640018740072535,0.1538461538461538,1019,61.8
0.1184594930928229,0.1153846153846153,720,53.04
0.2322244420945057,0.1153846153846153,1051,68.33
0.2576778249311974,0.2307692307692307,635,80.4
0.2829417655283823,0.2692307692307692,691,93.54
0.2447883451988562,0.2307692307692307,1185,83.32
0.1873406375329709,0.1538461538461538,732,82.78
0.2402949264958626,0.2692307692307692,669,58.65
0.1146267092432785,0.1153846153846153,977,70.18
0.1506007165485694,0.1538461538461538,677,70.41
0.2139327076822692,0.2307692307692307,916,76.33
0.2389356322980621,0.2692307692307692,1169,78.48
0.197678190977645,0.2307692307692307,928,69.95
0.1640883116781407,0.1153846153846153,731,73.1
0.2613151421286723,0.1153846153846153,912,77.4
0.2283783326639949,0.2307692307692307,738,85.47
0.2362773563784114,0.2692307692307692,777,71.48
0.1612652131371766,0.1923076923076923,797,67.49
0.2611484275289091,0.1923076923076923,751,80.63
0.1381379583331231,0.1923076923076923,732,65.03
0.2398732776613664,0.1538461538461538,715,84.93
0.090025866115514,0.1923076923076923,960,65.56
0.1689846133745572,0.1923076923076923,498,87.09
0.2681626710162169,0.1923076923076923,643,81.17
0.1046497685895195,0.1538461538461538,794,54.04
0.1760623796408722,0.1538461538461538,331,58.34
0.1359793758887028,0.1153846153846153,208,24.14
0.1441560267876732,0.2307692307692307,481,55.88
0.2007400047714948,0.1538461538461538,779,56.73
0.2697453253667083,0.3076923076923077,648,79.02
0.1369987272176964,0.1538461538461538,1154,51.11
0.1464493567961526,0.1538461538461538,661,64.8
0.3889896547382075,0.2692307692307692,719,80.09
0.1257997100196604,0.2307692307692307,868,61.8
0.1900853014652028,0.1923076923076923,804,66.95
0.1637710704798703,0.1538461538461538,887,74.71
0.3091169069752872,0.2307692307692307,464,64.26
0.1819893897279699,0.2307692307692307,784,67.49
0.2344890130424712,0.1923076923076923,821,73.41
0.0566785924751285,0.1538461538461538,1159,77.94
0.2254993810662272,0.3846153846153846,1134,85.47
0.1736742819682847,0.1923076923076923,735,59.95
0.0843367270573428,0.1153846153846153,944,62.49
0.2382729433668009,0.3846153846153846,1078,72.02
0.1750658014382199,0.1923076923076923,950,76.63
0.1936832802814926,0.2692307692307692,1219,86.01
0.1353546879578675,0.1923076923076923,716,87.09
0.2615795270750768,0.1923076923076923,800,75.25
0.2135400189180507,0.1923076923076923,1094,65.03
0.1150509935988757,0.1538461538461538,812,75.02
0.1028221986623089,0.1923076923076923,821,45.5
0.1510952983939285,0.2692307692307692,679,53.27
0.1495766146023547,0.3461538461538461,1608,100.0
0.3317976830168618,0.3461538461538461,1397,86.55
0.1502255659509012,0.3076923076923077,533,66.1
0.3248361189574885,0.2307692307692307,557,82.78
0.2097715494596005,0.1538461538461538,699,77.94
0.1962347812196223,0.1538461538461538,881,73.1
0.1546385766097437,0.1538461538461538,472,73.1
0.2445768629598451,0.1923076923076923,482,81.71
0.1213332134061934,0.2307692307692307,676,59.65
0.1842901422711399,0.1923076923076923,759,58.34
0.1155894383828025,0.1538461538461538,469,39.51
0.0,0.0,0,0.0
0.3217432041953018,0.3461538461538461,822,81.17
0.2783079645659898,0.2307692307692307,728,65.87
0.2518644970478868,0.3076923076923077,368,65.87
0.3137062027747523,0.1538461538461538,978,86.01
0.1602208537638813,0.1538461538461538,1147,67.18
0.1555221177249328,0.1538461538461538,507,61.8
0.0810066161964577,0.0769230769230769,361,49.27
0.2154594730510352,0.2307692307692307,658,84.4
0.2130768312010301,0.1923076923076923,706,70.95
0.3172613090830427,0.3076923076923077,671,74.17
0.2133033451147068,0.1538461538461538,657,74.71
0.2605611170029472,0.1923076923076923,877,82.78
0.1292454284390145,0.1153846153846153,638,66.41
0.1016986257967433,0.1153846153846153,854,58.65
0.0795262226042462,0.0769230769230769,1312,70.41
0.0695711951157457,0.1153846153846153,512,36.13
0.2150094866645543,0.1923076923076923,716,91.93
0.21732070815974,0.2307692307692307,751,67.56
0.1369421782300338,0.1538461538461538,761,72.56
0.3435339774345152,0.3846153846153846,669,82.24
0.2091984825092872,0.125,1364,27.08
0.0959471016047416,0.375,642,11.81
0.0489265243933339,0.25,638,14.53
0.0517075020261994,0.0,709,11.54
0.2178953319820395,0.125,1622,48.02
0.1380282673267151,0.125,387,16.03
0.1879652685916299,0.125,2697,22.76
0.0495401879441428,0.0,1037,12.5
0.0861880908827113,0.125,688,13.62
0.0826334537135178,0.0,678,7.85
0.1994607336001425,0.0,546,14.8
0.0799502905759126,0.0,829,12.5
0.186833209586397,0.125,1115,22.22
0.0949044392056987,0.25,656,15.71
0.1423785883191968,0.125,597,23.34
0.2775324659416219,0.0,739,38.09
0.2550394009538618,0.0,770,43.54
0.1427542648275271,0.125,747,46.53
0.0364732635618474,0.0,854,0.0
0.201389838249989,0.25,699,28.21
0.0725373647138943,0.25,718,14.42
0.158325895406396,0.0,705,17.36
0.140874452578849,0.125,616,16.24
0.1256526149459578,0.375,1042,14.8
0.052628213122009,0.25,781,12.5
0.1058291982672977,0.25,713,21.85
0.1071011130731326,0.25,718,13.62
0.0448514306039217,0.0,306,17.79
0.1615011008677989,0.125,636,18.86
0.0739661602643959,0.125,1388,12.5
0.0570437576267137,0.125,1422,12.71
0.0281337180639422,0.0,784,12.5
0.035870675722142,0.0,898,13.41
0.0501435169742278,0.25,792,12.66
0.0469342279141582,0.25,954,12.66
0.0740615416603698,0.125,745,16.77
0.0859357692714021,0.0,780,18.11
0.0486934546677561,0.125,2037,12.5
0.0380906665661453,0.0,615,12.5
0.1153690489963408,0.125,1015,23.93
0.044954011552665,0.25,947,9.94
0.3176404893044752,0.0,951,41.67
0.1783778919608115,0.0,1459,25.96
0.2392818461857239,0.375,729,18.11
0.1352595470373481,0.125,616,31.78
0.0871107049137069,0.0,650,15.87
0.0399787390292264,0.0,1024,12.5
0.2348463809303859,0.25,1073,25.59
0.0456565746976124,0.0,746,13.62
0.1567928182546504,0.0,788,35.84
0.0435450559292047,0.0,240,12.18
0.0977093315711448,0.125,650,7.59
0.2261887647432166,0.125,722,28.21
0.076581682422804,0.0,440,19.28
0.2107912715628028,0.25,1586,18.86
0.0457687624399058,0.125,894,13.41
0.0411749015775357,0.0,645,12.5
0.0986590140890321,0.125,598,22.44
0.0583980024620794,0.125,1336,12.5
0.1291520557396559,0.125,429,21.37
0.0765530822015665,0.0,1115,14.74
0.0432564016269758,0.0,967,11.54
0.1462374301999842,0.0,868,26.71
0.2842674018527015,0.375,975,45.03
0.11559994261112,0.125,760,21.1
0.1078422906624304,0.0,688,15.33
0.023591926912975,0.0,666,14.37
0.1752958051696863,0.125,980,24.09
0.4811117162781316,0.5,1029,60.74
0.0333010350206944,0.0,663,10.42
0.099389044979197,0.0,1132,19.23
0.0844149017175768,0.0,1015,20.94
0.1201137075812851,0.125,851,23.4
0.1218379980330239,0.125,716,15.49
0.0920184129256325,0.0,639,12.5
0.0893884630008615,0.0,748,12.5
0.1990447294246543,0.125,1557,39.8
0.120520864870239,0.0,954,13.62
0.1368948539344246,0.0,1207,29.11
0.0438844508961944,0.125,800,13.62
0.125071628997608,0.0,643,20.41
0.0866151296981081,0.25,1057,12.5
0.1054047524451202,0.0,823,21.69
0.0348971194349416,0.125,652,13.62
0.3548919223406728,0.375,1251,60.74
0.2604894928180548,0.25,908,14.53
0.1189153684611637,0.125,694,11.06
0.0243063459048146,0.125,980,13.62
0.2598556312338869,0.25,1023,31.62
0.0235774954603811,0.0,715,0.0
0.1097356994222697,0.125,695,21.31
0.1139550916826732,0.125,843,13.62
0.2535032895228711,0.0,847,25.0
0.1133989566549604,0.25,758,16.83
0.0478882834878978,0.125,706,17.36
0.1507592361086597,0.125,684,13.46
0.0491359798151906,0.125,1070,13.62
0.0752124393821902,0.125,1131,47.28
0.0904980766560568,0.125,956,16.99
0.1058440295600136,0.25,653,18.32
0.0817558131064694,0.0,697,11.38
0.047978431772658,0.0,633,12.66
0.0522373403390831,0.0,776,23.72
0.1318172217211982,0.375,970,21.53
0.083796831979329,0.25,654,10.1
0.066547818020875,0.25,740,20.41
0.3422165173208991,0.0,671,50.43
0.0880979420366449,0.375,800,9.94
0.1921407581269961,0.125,825,29.33
0.1780199554771973,0.0,772,22.22
0.1311233293380161,0.125,925,18.7
0.148183908995942,0.125,942,26.18
0.0927234249402189,0.0,633,17.36
0.0667281157153492,0.125,1493,10.42
0.3675336252128255,0.0,928,55.88
0.0918344717695964,0.1,365,41.94
0.4226098596982019,0.2333333333333333,645,77.99
0.2018122206170984,0.2,736,54.58
0.4418285999795934,0.3,685,67.22
0.1849059740024115,0.1333333333333333,374,29.43
0.0936531111950719,0.2,911,29.1
0.3979916592307846,0.1,381,44.75
0.1590053435737323,0.0666666666666666,199,11.77
0.1423182293375835,0.0666666666666666,630,27.22
0.1220034257097944,0.2,382,29.77
0.2112629441750126,0.2333333333333333,946,40.54
0.2824615200962425,0.1666666666666666,888,31.84
0.1674150103101096,0.1,867,27.02
0.4076036966987721,0.2,708,64.88
0.1964904124077532,0.1,296,22.41
0.1757019357475412,0.1666666666666666,894,35.85
0.1985747826568255,0.1,720,50.84
0.1515504799536336,0.1333333333333333,867,39.6
0.1268798458338407,0.2333333333333333,1730,70.5
0.2998398247789535,0.1666666666666666,1245,66.76
0.2650359232481492,0.1,830,46.89
0.26383089622894,0.0666666666666666,645,38.66
0.5568592052701938,0.2666666666666666,753,59.26
0.1519022994748487,0.1666666666666666,626,38.19
0.3788471090531759,0.2,614,58.33
0.1933767046137122,0.2,882,36.32
0.4784662036932875,0.2,716,53.65
0.5309183961582616,0.1333333333333333,781,58.8
0.3764881582599342,0.0333333333333333,233,33.24
0.2964177766033349,0.2666666666666666,781,70.03
0.0889909635025464,0.1,319,22.27
0.1138479160004156,0.1,714,34.25
0.1630153565980807,0.0333333333333333,312,20.27
0.2467446952012911,0.0666666666666666,318,33.71
0.4640687494614601,0.1666666666666666,602,69.57
0.2242067543415133,0.1666666666666666,495,73.78
0.2140918651999409,0.2,919,29.3
0.2491112877216598,0.1333333333333333,254,22.27
0.1045635080325609,0.2,969,24.41
0.319896991099719,0.1666666666666666,1084,60.2
0.4010372994247897,0.2333333333333333,1060,53.65
0.0472586613406346,0.0666666666666666,500,41.81
0.0752139108345834,0.2,1087,34.25
0.4673726034801096,0.3666666666666666,645,75.85
0.0561430101240476,0.1333333333333333,361,18.6
0.2219348004628893,0.1666666666666666,654,52.51
0.2852983235914535,0.2333333333333333,738,61.61
0.1111835103937074,0.0666666666666666,798,38.46
0.1933155146795647,0.1,372,40.54
0.0409963600235431,0.0666666666666666,331,24.48
0.0754927846807737,0.1333333333333333,368,19.4
0.1078227902630304,0.2333333333333333,716,41.27
0.0525927432104439,0.0333333333333333,741,8.63
0.3223667357206595,0.2333333333333333,758,45.48
0.4622221344650552,0.2,689,49.9
0.4965208097500329,0.2666666666666666,475,66.29
0.1258445817795561,0.2,978,49.43
0.3447450761793765,0.1666666666666666,989,81.27
0.2313998297544496,0.2333333333333333,1000,30.23
0.137369010741596,0.1666666666666666,304,42.14
0.1040104022318976,0.0333333333333333,699,39.13
0.1456557898016978,0.2,822,24.88
0.0743772026763618,0.1333333333333333,1025,36.79
0.4330561736563433,0.2,698,55.79
0.4162468171340048,0.2333333333333333,1287,53.65
0.380598046383921,0.1333333333333333,672,63.95
0.3617759099175692,0.2,387,48.03
0.1442337878414363,0.1333333333333333,346,26.76
0.0898592804147144,0.1666666666666666,782,28.9
0.1535923700636539,0.2333333333333333,673,42.88
0.4630868564222586,0.3,1058,72.84
0.1261299815366666,0.1333333333333333,674,51.3
0.1666588321441437,0.1666666666666666,1071,34.92
0.1512072255930237,0.1666666666666666,717,29.83
0.082649709992752,0.1333333333333333,393,16.72
0.0709227171729401,0.2666666666666666,1186,30.97
0.0620962891960906,0.2333333333333333,811,21.2
0.0775898045980557,0.2,755,27.69
0.1152685140104442,0.1333333333333333,719,38.19
0.1235504328500909,0.1666666666666666,1164,59.73
0.1059167734347405,0.0666666666666666,618,13.44
0.0966098112405463,0.2333333333333333,730,36.12
0.4158564337081364,0.2333333333333333,1061,70.5
0.1146958251627855,0.1,693,35.18
0.1933577337351675,0.0666666666666666,720,56.92
0.2704593234761953,0.1333333333333333,920,53.65
0.0960106828370773,0.0666666666666666,739,34.38
0.1037161260091673,0.1333333333333333,659,29.63
0.0889871355355262,0.1333333333333333,805,30.7
0.1316261005532372,0.1666666666666666,908,19.8
0.1906459700458973,0.2666666666666666,1052,51.77
0.1432054374481822,0.2666666666666666,574,16.72
0.2595687191238486,0.2,932,36.59
0.0903551880403814,0.1333333333333333,497,22.14
0.1225763149124792,0.1666666666666666,702,27.22
0.0887997849591449,0.0666666666666666,643,26.96
0.041666644229254,0.1666666666666666,316,27.69
0.0434173734781957,0.0333333333333333,271,19.2
0.0660314865728839,0.0333333333333333,321,16.92
0.1180372991833433,0.1333333333333333,633,37.26
0.3570330485718992,0.2666666666666666,860,56.45
0.2596405710164218,0.1666666666666666,665,88.29
0.0788491442869968,0.1,711,15.79
0.096107717996238,0.2,804,23.88
0.3940856230488135,0.2,1781,71.44
0.0648646076679047,0.2,608,30.5
0.1170886410868069,0.1333333333333333,786,46.62
0.1012497526252492,0.1,631,44.28
0.0931116299123104,0.1666666666666666,821,14.25
0.1053500354787538,0.2,531,47.36
0.0888930694689968,0.1333333333333333,871,22.81
0.0872180848315601,0.0666666666666666,668,11.84
0.0453423899141769,0.0666666666666666,198,16.32
0.0590664706484359,0.1,345,21.87
0.052442915159168,0.1,876,11.17
0.2792407070011901,0.1666666666666666,615,39.87
0.1860690137187996,0.2666666666666666,724,48.03
0.1649470890313041,0.1428571428571428,914,45.34
0.1866001292525407,0.1428571428571428,826,36.89
0.1145699820274346,0.0714285714285714,701,12.42
0.0885570317581789,0.2857142857142857,1968,44.7
0.0987624408995282,0.1428571428571428,336,24.25
0.0950545146103254,0.2142857142857142,924,17.26
0.0600598243001624,0.0714285714285714,786,13.38
0.063347968034094,0.1428571428571428,650,15.62
0.0928129853429597,0.0714285714285714,729,24.02
0.0490686435922702,0.1428571428571428,683,19.36
0.218799000848822,0.2142857142857142,646,8.26
0.0812353779660791,0.1428571428571428,851,18.49
0.2138866580001305,0.2142857142857142,661,17.9
0.0597134605403076,0.1428571428571428,707,15.62
0.1720925223708552,0.0,917,17.12
0.0766262711264635,0.0714285714285714,594,23.79
0.048815141794954,0.0714285714285714,663,20.27
0.0322245386506471,0.1428571428571428,1100,11.51
0.0409995466719933,0.0,190,20.32
0.0602564271325939,0.0714285714285714,188,10.18
0.0777803213421377,0.2142857142857142,1229,24.57
0.0581923510611155,0.0714285714285714,301,7.31
0.0473939850102391,0.2142857142857142,1144,17.67
0.1316481542598046,0.0714285714285714,620,19.13
0.0323676553441504,0.1428571428571428,804,11.64
0.0801678391899214,0.1428571428571428,686,20.27
0.0375928143456989,0.0714285714285714,718,16.26
0.0660379742235967,0.1428571428571428,758,18.49
0.0670971298440702,0.1428571428571428,630,22.47
0.0507574593330683,0.2142857142857142,672,11.14
0.0579985505917275,0.5714285714285714,839,15.43
0.0568215381720822,0.1428571428571428,804,22.15
0.0575185409755104,0.1428571428571428,1065,21.19
0.0508135783497102,0.1428571428571428,761,19.04
0.0900107148152232,0.2142857142857142,615,34.47
0.0836493801824908,0.1428571428571428,696,8.68
0.0837070142864806,0.2142857142857142,716,10.0
0.0604784009692471,0.2142857142857142,1218,14.47
0.0189685937296636,0.0,665,12.74
0.0303585316436077,0.1428571428571428,623,7.67
0.0588990052879276,0.1428571428571428,870,13.88
0.3572436574505954,0.0714285714285714,801,17.08
0.1283762174048533,0.2857142857142857,845,24.25
0.0263335670556263,0.1428571428571428,442,21.87
0.0521788688429833,0.1428571428571428,899,19.27
0.3783792325197266,0.1428571428571428,765,35.48
0.0785707342579372,0.1428571428571428,794,28.4
0.0719910892112791,0.0714285714285714,663,29.54
0.0677041258502594,0.3571428571428571,1505,23.93
0.0260563244973066,0.0,956,17.53
0.1508817740615791,0.2857142857142857,1002,19.13
0.1324297088198903,0.2142857142857142,656,22.65
0.0277003780737311,0.1428571428571428,724,11.64
0.0527603845876969,0.1428571428571428,604,9.86
0.0560498132892607,0.2142857142857142,887,18.95
0.0449367834275368,0.0714285714285714,1046,16.89
0.1127859526413024,0.2142857142857142,1389,21.69
0.1415049899891587,0.0714285714285714,1645,53.97
0.0844163705337789,0.2857142857142857,1457,25.71
0.0501426902787247,0.2857142857142857,1439,17.21
0.0533556132779731,0.2142857142857142,1043,17.67
0.050366123906204,0.1428571428571428,1348,9.91
0.027186627276399,0.2857142857142857,957,13.56
0.1192828676303773,0.2,637,50.67
0.1351830903920113,0.2,756,67.11
0.0896473628400979,0.15,414,51.26
0.1927258853695557,0.25,1095,74.75
0.2315527479729299,0.45,971,67.11
0.0810658815614287,0.25,1083,51.85
0.0526945386139908,0.1,676,46.06
0.1491734096286263,0.3,1063,33.64
0.0358336744236314,0.3,803,28.94
0.307899626682879,0.4,912,80.62
0.0504435272092184,0.15,823,27.94
0.083969872903384,0.35,797,70.05
0.1340871775653294,0.2,703,68.96
0.0611794312386341,0.2,503,47.15
0.0907776511084401,0.2,1490,43.12
0.0706604347401189,0.25,1111,55.96
0.2240159767559983,0.2,2311,63.59
0.1655989784941322,0.2,1241,41.28
0.077640380047658,0.2,1037,51.26
0.049309623588767,0.05,705,39.26
0.0798533261784745,0.2,759,37.84
0.0584637830380096,0.35,1189,54.19
0.1169780154769213,0.25,658,7.51
0.1447291626569769,0.0833333333333333,281,18.21
0.0849370011124152,0.125,463,9.83
0.1430405169504377,0.25,749,31.7
0.0277976107774615,0.0416666666666666,736,14.16
0.0822066889673682,0.2083333333333333,1009,9.83
0.1518813718004488,0.125,932,75.05
0.1607268093368462,0.25,1643,39.4
0.0700461356368894,0.125,676,17.24
0.1011710267386432,0.1666666666666666,619,24.47
0.10904537442373,0.2083333333333333,845,11.85
0.10855632752441,0.2083333333333333,847,11.85
0.1759091338495741,0.1666666666666666,908,56.94
0.1393853437776811,0.125,438,60.21
0.1646137941932655,0.2083333333333333,883,42.77
0.0699274029322309,0.0833333333333333,856,19.85
0.0842611978046073,0.0833333333333333,261,17.24
0.228225698118995,0.0833333333333333,586,76.4
0.1859052823542618,0.1666666666666666,954,76.78
0.1061565209434115,0.2083333333333333,668,13.87
0.1010613137655288,0.125,341,11.85
0.1227622893066489,0.125,796,27.55
0.1246431736859671,0.1666666666666666,1343,11.85
0.116625548355445,0.25,671,34.01
0.1026272740111641,0.125,661,26.59
0.0792479554102479,0.125,990,33.33
0.055296467513683,0.0416666666666666,844,41.04
0.1546478581006704,0.2083333333333333,648,66.96
0.0789556796020335,0.0416666666666666,1077,39.02
0.1634050027127624,0.125,902,46.05
0.1590342394718855,0.1666666666666666,765,55.59
0.1692213370613647,0.0833333333333333,695,53.85
0.0850920389218418,0.0416666666666666,160,17.24
0.1981375211278253,0.25,1096,40.75
0.0604459757906881,0.0833333333333333,682,11.85
0.0754359429369728,0.0833333333333333,614,14.16
0.0424286877704159,0.0416666666666666,346,17.24
0.0786772990642002,0.0833333333333333,285,11.85
0.1127025847564636,0.0833333333333333,357,16.76
0.036129506886038,0.0833333333333333,348,11.85
0.0632254770312632,0.125,359,11.85
0.0562373329169311,0.0416666666666666,288,2.6
0.1492140486243665,0.0833333333333333,279,22.64
0.1402795704557445,0.25,299,31.41
0.0820245027766988,0.2083333333333333,219,16.96
0.0237520496871878,0.0416666666666666,160,2.6
0.1255499274126123,0.0833333333333333,440,54.34
0.0551329007557946,0.125,309,7.51
0.0744241144087411,0.2083333333333333,844,18.88
0.0566812229847637,0.0833333333333333,237,14.16
0.0663117333334743,0.0833333333333333,438,17.24
0.2412201812835295,0.0833333333333333,318,70.04
0.0483155964067369,0.125,323,14.45
0.0678670968419964,0.0833333333333333,372,21.87
0.0777881913093473,0.0416666666666666,679,18.3
0.05883833860335,0.0833333333333333,113,9.83
0.1542581829929361,0.3333333333333333,788,85.84
0.0448754486557382,0.0833333333333333,259,9.83
0.1429133813577885,0.0833333333333333,457,29.0
0.0744850723924559,0.0416666666666666,369,14.16
0.051206273378243,0.0833333333333333,418,17.53
0.0846789133234841,0.0833333333333333,625,19.85
0.0846435970361723,0.2083333333333333,451,11.85
0.0643344595503091,0.1666666666666666,885,23.6
0.1277552164261344,0.2916666666666667,872,31.02
0.1010046461992473,0.2083333333333333,671,25.92
0.2520919097458199,0.3333333333333333,692,44.51
0.1191372589929699,0.125,741,34.01
0.069283561661051,0.125,715,21.87
0.1897352102196072,0.2916666666666667,752,95.28
0.1839508494204265,0.2083333333333333,932,79.77
0.044739763384303,0.0833333333333333,295,9.83
0.0708661232928229,0.125,802,19.27
0.1448052603586713,0.2083333333333333,644,28.61
0.0907052485660008,0.1666666666666666,712,14.16
0.0699657724685664,0.2083333333333333,827,11.85
0.095870085804323,0.125,920,17.24
0.2161272896475681,0.3333333333333333,1380,45.47
0.0746837650861301,0.0833333333333333,649,7.51
0.0602756259671884,0.2083333333333333,626,14.45
0.0624356640039145,0.0416666666666666,732,11.85
0.1754621298559494,0.0833333333333333,676,25.24
0.1662517474806658,0.0833333333333333,617,54.91
0.1143149297476679,0.1666666666666666,200,9.83
0.2248216542524692,0.3333333333333333,720,48.84
0.1311721235884028,0.125,775,51.16
0.1425318208175685,0.0833333333333333,798,34.01
0.1587460074569055,0.125,702,20.23
0.1092236478694217,0.2083333333333333,1076,27.36
0.0790292125503552,0.2083333333333333,878,37.38
0.1136595859330338,0.375,2465,19.08
0.142393971196353,0.125,625,37.09
0.1046127917316584,0.0833333333333333,1245,41.04
0.0968882007077251,0.2083333333333333,1206,19.85
0.1571835922335777,0.0833333333333333,1239,46.72
0.061227298288376,0.0833333333333333,450,14.16
0.0657183393072891,0.1666666666666666,802,11.85
0.1610557314523667,0.2916666666666667,807,50.19
0.2107689986412149,0.2083333333333333,853,80.44
0.1019243677017942,0.1666666666666666,1008,50.19
0.1268851763092578,0.0833333333333333,499,15.61
0.0758717457910953,0.0416666666666666,782,22.54
0.1851773068611042,0.2083333333333333,810,59.54
0.1854100961444512,0.0833333333333333,410,30.25
0.0616248929829816,0.125,231,12.24
0.097943224969936,0.1666666666666666,1081,20.23
0.0247870897682422,0.0416666666666666,802,11.85
0.1036615585429657,0.2083333333333333,835,50.19
0.0357837786150777,0.0416666666666666,124,0.0
0.0715635753805388,0.125,699,11.85
0.0841057325743676,0.0833333333333333,686,54.91
0.1448646753392707,0.0416666666666666,475,21.1
0.1788918952987644,0.125,446,73.7
0.0946108267731127,0.125,393,11.85
0.070759656607109,0.2083333333333333,950,14.84
0.1061301885219795,0.125,836,20.23
0.1508649750581726,0.1515151515151515,706,49.97
0.0672469367429708,0.0909090909090909,1646,21.97
0.1007046783657665,0.0909090909090909,990,35.87
0.242510670454215,0.2121212121212121,818,61.88
0.0770844103351224,0.0909090909090909,729,25.37
0.0856470409049885,0.1818181818181818,1115,49.52
0.068629411080774,0.0909090909090909,676,45.48
0.0568185906194023,0.1212121212121212,774,21.33
0.1109838755634428,0.1818181818181818,699,32.54
0.0959691017076265,0.0909090909090909,1283,58.94
0.0482059225797219,0.0606060606060606,675,43.5
0.0680973873696772,0.0909090909090909,678,15.7
0.1263682044686059,0.2424242424242424,666,55.09
0.0660972580247972,0.1212121212121212,834,61.18
0.1640302071101916,0.2424242424242424,930,67.91
0.1292395402135007,0.1515151515151515,1317,54.26
0.0670244655073558,0.1212121212121212,709,28.44
0.0716978454303513,0.0606060606060606,1036,25.56
0.2577646538777892,0.1515151515151515,893,68.61
0.0633513681796887,0.1515151515151515,1075,20.44
0.0692146568685536,0.0909090909090909,681,31.39
0.063751147570823,0.1212121212121212,881,35.43
0.1143257427054548,0.2424242424242424,784,32.74
0.0879634033294166,0.2121212121212121,777,45.04
0.0336264065307308,0.0606060606060606,216,13.39
0.1907502668654996,0.2121212121212121,796,74.89
0.1216145321286822,0.1515151515151515,561,46.19
0.1964470496202973,0.1515151515151515,829,50.86
0.1344648860309295,0.0606060606060606,1079,57.59
0.1029080515846225,0.2727272727272727,1337,34.72
0.0622410183134401,0.1212121212121212,666,40.29
0.0653892723509053,0.1818181818181818,1089,56.69
0.0973180386170232,0.1818181818181818,1115,54.45
0.1234658385791448,0.0606060606060606,715,68.61
0.1153379798546766,0.0303030303030303,740,82.06
0.1824541672254686,0.1515151515151515,954,78.92
0.0836425528927558,0.1212121212121212,828,37.41
0.0761842760972944,0.1818181818181818,837,35.87
0.1517480776859903,0.0909090909090909,1001,27.1
0.0627135927235899,0.1212121212121212,791,20.63
0.0798975639426397,0.1212121212121212,923,46.19
0.1002532373385537,0.1212121212121212,1037,81.87
0.1669714444489405,0.2424242424242424,1108,42.15
0.0791449402628053,0.1818181818181818,1529,43.69
0.0953828380638288,0.0909090909090909,1406,65.28
0.1479108107976705,0.1515151515151515,820,35.62
0.1459097850179507,0.1212121212121212,610,52.66
0.0905443325343367,0.1212121212121212,719,39.01
0.0615596277037746,0.1212121212121212,1090,54.45
0.0371123817989435,0.0909090909090909,858,47.28
0.0497205300885135,0.0606060606060606,780,22.42
0.1783976443853892,0.1212121212121212,1426,56.25
0.0615218931400037,0.0606060606060606,278,18.39
0.0311046468731493,0.0,205,14.61
0.0779191677370318,0.1212121212121212,1057,71.04
0.1040551447527078,0.1515151515151515,1560,70.4
0.15150732763367,0.1515151515151515,649,37.6
0.1170525626760291,0.1212121212121212,1821,47.28
0.0351191868319419,0.0606060606060606,616,32.09
0.0415105877031228,0.0606060606060606,713,39.01
0.0880730202025918,0.1818181818181818,1181,56.25
0.0799162564599662,0.0303030303030303,680,62.78
0.0949059279265361,0.0606060606060606,1005,61.88
0.0948100117891041,0.1515151515151515,836,48.17
0.0658427981285908,0.0909090909090909,1538,36.77
0.0957312110268863,0.0303030303030303,887,66.37
0.0980021337530603,0.1212121212121212,749,31.13
0.0694935813115316,0.0909090909090909,324,58.94
0.2783964632160742,0.1515151515151515,1143,47.73
0.0777897312628931,0.1212121212121212,295,11.98
0.0857698355167594,0.1212121212121212,751,59.19
0.0568788734241216,0.0303030303030303,269,9.03
0.0461240406231888,0.0909090909090909,316,21.72
0.0364530139462351,0.0606060606060606,629,16.14
0.1687012555547269,0.1818181818181818,832,60.09
0.1249450699380806,0.1515151515151515,1335,58.49
0.0832659068341336,0.0303030303030303,313,41.0
0.1026596646060863,0.0909090909090909,1126,62.33
0.1887446045328196,0.1515151515151515,696,63.68
0.0697383634335364,0.0606060606060606,380,28.06
0.0349505241935838,0.0909090909090909,737,11.27
0.1769880834034151,0.1515151515151515,1077,52.4
0.0374907365461444,0.1212121212121212,765,6.15
0.1101399190231298,0.2424242424242424,1212,41.45
0.1063361874386074,0.2121212121212121,1008,42.79
0.0558720367771786,0.0303030303030303,936,34.72
0.1033752143583068,0.1515151515151515,702,36.96
0.1269903855622076,0.2121212121212121,1727,72.65
0.108144682949334,0.0303030303030303,723,54.26
0.0899383603947906,0.1515151515151515,660,41.7
0.0749797316793435,0.1212121212121212,817,54.45
0.1949748028053087,0.1515151515151515,650,64.77
0.1542906527053624,0.1515151515151515,603,43.95
0.0984826998056319,0.1818181818181818,974,38.82
0.0851741773006335,0.1515151515151515,403,47.53
0.0729614917540596,0.0606060606060606,307,24.92
0.0591542036044766,0.0303030303030303,660,20.44
0.1618597362476342,0.0909090909090909,745,71.3
0.104330572780765,0.1212121212121212,637,20.56
0.0540446816454287,0.0909090909090909,825,38.57
0.0494856049689999,0.0909090909090909,1114,47.73
0.158990206999062,0.2727272727272727,897,48.62
0.0384996163009656,0.0303030303030303,184,10.76
0.1732673230828303,0.2121212121212121,676,71.3
0.090960309794488,0.0303030303030303,657,24.86
0.1297937119380098,0.0606060606060606,853,66.82
0.2338017409356718,0.2121212121212121,931,67.26
0.0482383859513705,0.0606060606060606,1212,48.43
0.1259822649879243,0.0606060606060606,734,53.56
0.069441949264797,0.1515151515151515,896,32.03
0.1742582083038646,0.2121212121212121,1651,75.34
0.1567968089457866,0.0909090909090909,735,33.12
0.1827236815472265,0.1212121212121212,982,81.61
0.0429377875466529,0.0303030303030303,907,16.4
0.1395519303154125,0.2727272727272727,1973,41.26
0.4162466026923913,0.1071428571428571,342,78.18
0.1649573901855881,0.0357142857142857,245,38.53
0.1315434498291791,0.0357142857142857,633,37.33
0.2584901374311317,0.0357142857142857,283,50.44
0.067399749984884,0.1071428571428571,749,27.82
0.1524925586975919,0.0714285714285714,1081,47.96
0.2451663901602929,0.2142857142857142,685,44.6
0.1766731205351797,0.1428571428571428,1323,54.12
0.023518342953993,0.0357142857142857,648,18.15
0.0132807270913816,0.0714285714285714,804,23.9
0.2585708577854628,0.1071428571428571,864,46.28
0.032740879154022,0.0357142857142857,225,30.62
0.3006784331808663,0.0357142857142857,393,42.37
0.0585405962435271,0.0714285714285714,2038,29.5
0.1462844371020021,0.1428571428571428,1226,59.15
0.2192340810005189,0.1428571428571428,798,62.51
0.2087404120895818,0.1785714285714285,719,49.88
0.098813421117934,0.0714285714285714,709,43.8
0.4061279790799947,0.2142857142857142,713,86.01
0.0271361811582809,0.0714285714285714,695,41.81
0.1125326277177102,0.0357142857142857,322,39.89
0.02407039857168,0.1428571428571428,837,23.9
0.1018524660792003,0.1071428571428571,934,33.73
0.1074678084128221,0.0714285714285714,672,58.03
0.369528472774987,0.1785714285714285,780,53.88
0.2364836851839815,0.1785714285714285,894,56.35
0.1225586940244986,0.1428571428571428,1061,27.26
0.1700033569946729,0.1785714285714285,483,47.08
0.1714642227120525,0.1785714285714285,515,43.17
0.1424945495901135,0.2142857142857142,734,44.6
0.2378143939259374,0.1071428571428571,838,65.87
0.2798425406814984,0.0714285714285714,433,52.12
0.1849597838251507,0.2142857142857142,1488,41.25
0.1455052553190808,0.2142857142857142,3279,33.41
0.1291865465829017,0.1785714285714285,837,40.93
0.2446340621177667,0.1428571428571428,1003,37.33
0.2369377427244984,0.1428571428571428,815,65.87
0.0766135602602065,0.1785714285714285,1767,54.12
0.0438981210873326,0.0714285714285714,322,19.66
0.0555167911059277,0.1785714285714285,1092,34.53
0.1445352046241803,0.1428571428571428,593,23.9
0.1926420975249178,0.1785714285714285,535,27.26
0.4148330469650679,0.1785714285714285,320,54.12
0.3772333460659767,0.1785714285714285,801,44.84
0.04639856586792,0.0714285714285714,649,46.52
0.0526835200127728,0.0357142857142857,655,19.42
0.1210440830523747,0.2142857142857142,688,57.47
0.2388212631943818,0.2142857142857142,987,64.43
0.1602592355179114,0.1785714285714285,898,56.59
0.3291729575237294,0.2142857142857142,734,49.08
0.1857881505313181,0.1071428571428571,692,72.58
0.0256117154254025,0.1071428571428571,823,27.5
0.3270575594309832,0.1785714285714285,335,53.56
0.3412043068322114,0.2857142857142857,844,82.09
0.2760439829217235,0.3571428571428571,694,65.31
0.2772380272273409,0.25,1056,63.63
0.1953089632713132,0.1428571428571428,1062,74.82
0.1604560354404165,0.2857142857142857,1209,78.18
0.439822902185984,0.1785714285714285,780,86.81
0.2781244987271082,0.0,253,42.37
0.5317567995180397,0.1428571428571428,362,69.22
0.063747950745601,0.2142857142857142,1120,48.52
0.2426018706093169,0.25,668,55.56
0.1858395908277159,0.2142857142857142,938,55.24
0.0983173489949419,0.0357142857142857,758,54.12
0.1911163003068459,0.1785714285714285,807,55.8
0.494081822596084,0.1428571428571428,380,62.27
0.1979534533130206,0.1071428571428571,415,27.82
0.4285255901136366,0.0714285714285714,288,44.84
0.1317916109504604,0.2142857142857142,820,47.4
0.1987964115762194,0.1428571428571428,1768,35.65
0.0703632979437487,0.0714285714285714,845,23.9
0.273616257379343,0.0714285714285714,840,65.31
0.3926660879087905,0.1071428571428571,417,66.99
0.2470496451309264,0.2142857142857142,264,45.72
0.3156894735231083,0.1785714285714285,568,56.59
0.2141769867636281,0.2142857142857142,325,70.58
0.1748266295902133,0.2142857142857142,628,54.68
0.0847561927943198,0.1071428571428571,377,23.9
0.3263049922377151,0.5,1284,82.09
0.3122915812955318,0.2857142857142857,482,50.2
0.1150360209992151,0.1428571428571428,1004,50.76
0.1996360403562394,0.2142857142857142,789,65.87
0.0534152810041238,0.1428571428571428,626,37.33
0.2838270997858388,0.25,872,71.7
0.1087139942029115,0.1428571428571428,701,40.69
0.2649007805221138,0.2857142857142857,966,64.19
0.2106068267934935,0.2857142857142857,1132,55.48
0.2349738028763281,0.1428571428571428,573,59.15
0.3443649956909739,0.25,859,53.24
0.5220509406291106,0.4642857142857143,962,75.38
0.1853643569060197,0.2142857142857142,759,54.68
0.3975339015082429,0.1785714285714285,465,65.55
0.233500691250218,0.25,685,51.0
0.2921898714988455,0.2142857142857142,840,63.63
0.1466978023116043,0.1785714285714285,534,62.75
0.120463996876958,0.375,985,62.21
0.235742107917813,0.125,205,56.48
0.0367736846421628,0.25,910,16.59
0.1560440251785982,0.375,615,30.41
0.0850531298369118,0.1875,675,24.88
0.0966586688840744,0.25,1722,29.03
0.1507308082524861,0.3125,1290,37.66
0.0556134507025938,0.0625,881,14.81
0.1077000853786718,0.3125,555,21.66
0.0847363643744068,0.3125,635,14.61
0.103223617367369,0.25,428,16.13
0.1106504823645487,0.25,847,41.47
0.0398544008798567,0.0625,268,10.47
0.1525207820844607,0.25,797,35.48
0.0311057464194141,0.0,279,20.28
0.0892161747616768,0.375,834,32.72
0.0603858680045743,0.25,682,21.92
0.1177306015582747,0.4375,790,20.28
0.0268585176696963,0.0625,456,10.27
0.0530620236089053,0.1875,844,16.92
0.1101253112889033,0.25,810,14.61
0.1120649902622601,0.25,651,28.11
0.1142044663811358,0.375,876,26.27
0.158306193075252,0.25,965,19.35
0.0906692058330348,0.125,916,16.59
0.0796122718663531,0.1875,646,38.25
0.1658157563107099,0.375,973,23.11
0.0246450656726573,0.0,742,8.49
0.042521784296638,0.1875,678,22.32
0.1058432529758311,0.1875,622,13.82
0.1864101187988942,0.0625,748,16.19
0.1040513373781056,0.3125,593,23.5
0.0929700072242222,0.25,432,16.59
0.09931136610674,0.0,783,76.96
0.0379937406931886,0.125,662,12.44
0.0284316464984868,0.25,2855,24.29
0.1038703702444691,0.0,1043,23.92
0.147671996330678,0.1363636363636363,496,42.35
0.0954626729559161,0.0909090909090909,235,49.62
0.2443768654383711,0.0454545454545454,183,70.41
0.4870499499196976,0.1363636363636363,818,86.98
0.3798173390642018,0.1818181818181818,821,91.72
0.0884792519565956,0.1818181818181818,270,51.48
0.2498175554920972,0.0454545454545454,187,70.41
0.3424603886782518,0.0909090909090909,1163,87.57
0.2833939516684874,0.1818181818181818,5070,91.72
0.262823512231929,0.1363636363636363,431,82.84
0.0967440740586963,0.1818181818181818,280,28.57
0.1100673018318475,0.0909090909090909,266,43.2
0.1761624545063915,0.0909090909090909,240,61.79
0.235755262917089,0.2272727272727272,628,78.7
0.349189804390771,0.1818181818181818,862,88.17
0.4535673145836468,0.2727272727272727,655,84.02
0.0970662022597374,0.1363636363636363,1098,20.12
0.2987862022078258,0.2272727272727272,816,91.12
0.4491644940853903,0.3636363636363636,1248,95.27
0.112769980367769,0.0454545454545454,404,34.07
0.3140552923050272,0.0909090909090909,642,91.72
0.4354941240006119,0.3181818181818182,778,92.9
0.4511350631177258,0.3181818181818182,1005,92.9
0.3174005593071368,0.2272727272727272,906,78.11
0.4182273231967697,0.3181818181818182,684,88.17
0.0790673825529016,0.1818181818181818,698,47.93
0.4657585154689262,0.4545454545454545,1613,92.31
0.0574569119335332,0.1818181818181818,802,40.24
0.4963453598505323,0.3636363636363636,1963,90.53
0.1026318753499348,0.1363636363636363,669,33.14
0.0890420211255439,0.0454545454545454,310,58.92
0.252063192637488,0.1818181818181818,638,87.57
0.3592116619194186,0.0,167,52.92
0.1701163696813073,0.2272727272727272,769,72.78
0.2489169681268635,0.1363636363636363,772,82.84
0.3438789115543617,0.2727272727272727,694,83.43
0.0494731087233815,0.0,157,52.32
0.1619504894733124,0.0909090909090909,726,67.46
0.1498618701964371,0.1818181818181818,655,53.59
0.4107407001160204,0.2727272727272727,1036,84.02
0.3595031506407987,0.2272727272727272,751,88.76
0.175301454822141,0.1363636363636363,816,60.36
0.1982912011238259,0.1363636363636363,143,59.76
0.38895430187083,0.0909090909090909,479,66.27
0.3949746595300351,0.2727272727272727,446,82.84
0.3398155160795222,0.2272727272727272,281,86.98
0.0978774686331084,0.0,880,53.59
0.3249905574747319,0.2727272727272727,785,82.84
0.3075156199950639,0.1818181818181818,889,90.53
0.2626971536462165,0.0909090909090909,876,84.02
0.2656142056323952,0.1818181818181818,846,84.62
0.315729529209654,0.2272727272727272,1409,73.37
0.1503981551876252,0.0909090909090909,899,68.64
0.0912125701752074,0.3181818181818182,1437,82.84
0.3808578170656652,0.2272727272727272,1208,84.02
0.3691885148214415,0.2727272727272727,702,79.29
0.4960120114362151,0.3636363636363636,1026,86.98
0.4185901084375851,0.2272727272727272,881,83.43
0.4104774410316358,0.1818181818181818,709,87.57
0.3943405136865174,0.2272727272727272,682,91.72
0.4442592170010985,0.2272727272727272,825,100.0
0.3820022738094017,0.2272727272727272,788,87.57
0.2943786790492068,0.0909090909090909,858,82.84
0.2966235855965691,0.1363636363636363,689,79.29
0.3466502456454855,0.1818181818181818,856,73.96
0.4538758356610986,0.2272727272727272,449,82.84
0.3593690894361044,0.0909090909090909,269,84.02
0.1305166277393926,0.1818181818181818,774,74.56
0.3561835250558384,0.0,247,79.29
0.395187953302724,0.1818181818181818,1089,91.72
0.1375028502056215,0.0909090909090909,830,86.98
0.2628054521588317,0.1363636363636363,388,52.07
0.3702713173749882,0.1818181818181818,1027,87.57
0.4634975163810814,0.4090909090909091,1212,82.84
0.3307331155588264,0.2272727272727272,861,87.57
0.3646973466236523,0.0909090909090909,731,82.25
0.3925509797078165,0.1363636363636363,491,75.15
0.2621182547614937,0.2272727272727272,774,87.57
0.387155306829682,0.0909090909090909,739,83.43
0.4494271826956665,0.3636363636363636,886,83.43
0.381278182892404,0.0909090909090909,702,57.4
0.3561513833671366,0.1363636363636363,725,83.43
0.3340178689876288,0.2727272727272727,928,85.21
0.3736105203309639,0.0909090909090909,616,82.84
0.3117847784235626,0.1818181818181818,785,91.72
0.3021196503071752,0.1818181818181818,861,83.43
0.062174348297076,0.3181818181818182,731,32.54
0.1920023461143352,0.3181818181818182,702,66.61
0.0437408182806134,0.0454545454545454,1117,47.0
0.3989643578541784,0.1818181818181818,1007,87.57
0.3358014916111561,0.2272727272727272,427,69.82
0.4664687600771398,0.0909090909090909,725,69.23
0.1430580056451645,0.1363636363636363,715,87.57
0.3107692727838189,0.1818181818181818,896,79.29
0.129889649039842,0.1818181818181818,711,43.53
0.0930071810063355,0.1818181818181818,1231,30.77
0.0247431630186808,0.0909090909090909,190,20.12
0.0502682120668857,0.2727272727272727,860,29.59
0.0291834353292179,0.1818181818181818,273,20.96
0.134630343253925,0.0454545454545454,400,16.74
0.370372027316911,0.2272727272727272,1148,70.41
0.0858408922999564,0.0454545454545454,759,28.57
0.06258569217769,0.1818181818181818,643,33.73
0.1386063992845993,0.0909090909090909,732,81.66
0.0490237074770536,0.0909090909090909,647,41.17
0.1556952164099324,0.1818181818181818,954,41.84
0.0618354720983027,0.0909090909090909,672,38.46
0.3004113456358536,0.1818181818181818,776,91.72
0.0682871264765991,0.1363636363636363,881,50.3
0.0855974719732976,0.1363636363636363,1401,38.46
0.1408468063689898,0.1818181818181818,1109,66.86
0.3993827192234376,0.2272727272727272,918,84.02
0.3517759071567207,0.1818181818181818,684,79.29
0.0559547479060944,0.0909090909090909,607,41.42
0.0910374964639657,0.1363636363636363,863,47.93
0.2592226105623892,0.2272727272727272,751,92.31
0.321285114362455,0.1818181818181818,661,79.29
0.1827882328188575,0.1428571428571428,431,49.76
0.0590055177499331,0.0571428571428571,355,20.79
0.3832072421746522,0.3714285714285714,1231,86.9
0.1419496313166269,0.1142857142857142,734,36.04
0.20042799661248,0.2,426,53.98
0.1661923708367721,0.2857142857142857,515,52.46
0.3777547069158117,0.3428571428571428,949,68.95
0.1972498137181735,0.1714285714285714,246,66.53
0.3180815276291712,0.2857142857142857,729,81.08
0.280977251458317,0.2,869,66.04
0.2560187014357312,0.2285714285714285,793,60.36
0.1603123882751615,0.1428571428571428,708,41.37
0.415942965215987,0.3428571428571428,1073,78.17
0.0777257588720695,0.0571428571428571,690,34.58
0.2282543720063377,0.2857142857142857,750,68.47
0.1883435596241402,0.1142857142857142,638,64.38
0.3510881049647426,0.2571428571428571,621,65.56
0.393354512896863,0.4285714285714285,1260,92.24
0.4211448295232594,0.2571428571428571,742,78.66
0.3439399484082908,0.2285714285714285,701,76.23
0.1082056818605212,0.1142857142857142,528,49.06
0.1744796130594843,0.2285714285714285,948,45.67
0.1438790913793595,0.1142857142857142,804,49.62
0.1925583841904169,0.1428571428571428,743,58.63
0.2414336939928135,0.1428571428571428,664,53.92
0.1713294791630006,0.3142857142857143,879,68.95
0.070637937039446,0.0857142857142857,764,18.5
0.2783382173113599,0.2285714285714285,707,67.5
0.095864729307049,0.0857142857142857,322,13.51
0.1214441181563294,0.1142857142857142,1099,50.03
0.3626333758673849,0.2571428571428571,750,70.41
0.303037843018019,0.1714285714285714,685,54.68
0.2989945608430167,0.2285714285714285,715,73.32
0.0405564128479137,0.0285714285714285,458,8.32
0.1883435596241402,0.1142857142857142,638,62.51
0.3170794053439009,0.1142857142857142,1017,60.15
0.0768763712409206,0.0857142857142857,395,11.23
0.2729679182258435,0.2285714285714285,1065,81.08
0.1674652066453735,0.2857142857142857,656,40.47
0.2451010788190877,0.2571428571428571,1014,73.32
0.3444201887885764,0.2857142857142857,1241,74.29
0.2543814943480037,0.1714285714285714,787,67.98
0.2273948188115065,0.2857142857142857,731,53.92
0.2873117850871037,0.2285714285714285,773,77.2
0.071024151388232,0.0857142857142857,398,12.06
0.128211173985983,0.1142857142857142,660,41.86
0.2779367418744887,0.2,707,62.16
0.2401756541794131,0.1714285714285714,764,62.16
0.1329009176912007,0.0857142857142857,275,33.26
0.3863059969716527,0.2571428571428571,634,61.68
0.3170366529099421,0.1428571428571428,617,56.27
0.0420994147731097,0.0285714285714285,994,15.38
0.1091861280952515,0.1428571428571428,685,21.97
0.3446086462733606,0.2571428571428571,637,83.51
0.2142157252006944,0.2571428571428571,879,57.87
0.1955366595804341,0.2285714285714285,614,57.1
0.2311249779249392,0.2,692,64.1
0.4277745053030793,0.2857142857142857,1206,85.93
0.0435673343434197,0.0571428571428571,758,16.63
0.3231354071693294,0.2285714285714285,627,75.26
0.3015089213686409,0.2857142857142857,966,66.04
0.2926883136057426,0.3714285714285714,2674,62.16
0.182348990560641,0.1714285714285714,943,57.31
0.100768194207737,0.1428571428571428,726,65.07
0.0892614920673941,0.0857142857142857,861,41.93
0.2396177559962663,0.2285714285714285,715,53.43
0.262084846047219,0.3714285714285714,1260,73.32
0.177704825156792,0.1714285714285714,970,34.03
0.1048085948813576,0.0857142857142857,713,26.61
0.0764772765063217,0.0857142857142857,1239,25.78
0.1539203159603598,0.2,757,56.62
0.0791380060581779,0.1142857142857142,727,18.57
0.1269573219926558,0.0571428571428571,266,37.98
0.067092558063847,0.1428571428571428,682,17.12
0.2573360381806513,0.2571428571428571,1207,58.28
0.1512975574055604,0.1142857142857142,721,50.03
0.3544645464181359,0.2,1372,85.45
0.2881886196019615,0.2285714285714285,687,69.92
0.3236927801162556,0.2,607,71.66
0.1898324736300861,0.1714285714285714,670,43.31
0.1888143179947607,0.2,676,33.68
0.1357295474445067,0.1428571428571428,888,35.34
0.3121331588265825,0.2,678,59.81
0.2276370595353559,0.1428571428571428,749,57.31
0.2253717395274176,0.2,896,60.71
0.1119874201323077,0.0571428571428571,815,36.52
0.2515700300166522,0.2571428571428571,952,78.17
0.1266724965233986,0.1714285714285714,841,31.74
0.2600662293117992,0.2285714285714285,671,65.07
0.256951301935684,0.2857142857142857,635,66.6
0.1175541794786528,0.0857142857142857,809,36.94
0.2950766585202748,0.2,1091,83.02
0.4551568560180307,0.3142857142857143,721,74.77
0.1324261342076068,0.0285714285714285,717,42.27
0.049930066173847,0.0571428571428571,388,13.72
0.1269718656997131,0.1428571428571428,624,27.93
0.226707152971969,0.2,923,51.49
0.2844562548681329,0.1714285714285714,789,78.17
0.3819460055570132,0.1714285714285714,847,81.08
0.151283671549116,0.1428571428571428,514,57.59
0.188994432778514,0.2571428571428571,690,51.14
0.2042559608557623,0.1428571428571428,908,70.89
0.1927931101058165,0.1428571428571428,956,51.77
0.1898265824528142,0.2,961,56.83
0.1398821472790727,0.1428571428571428,765,48.72
0.3526248124332249,0.4857142857142857,1421,85.45
0.2168093949708819,0.1714285714285714,698,31.67
0.2012469088491519,0.1714285714285714,945,50.52
0.0868239382256551,0.1142857142857142,625,30.21
0.1905042725914361,0.1428571428571428,754,60.71
0.3755827097998007,0.3142857142857143,1282,79.14
0.1955281126647438,0.1714285714285714,830,51.77
0.3055970520022862,0.3428571428571428,1120,67.5
0.1536068284650419,0.1428571428571428,911,63.13
0.3214430855049108,0.2571428571428571,899,77.2
0.1957701420275484,0.2,628,62.65
0.3345823079992992,0.2,739,59.74
0.0956162194041494,0.0857142857142857,1228,50.03
0.1089393861200273,0.0666666666666666,429,20.55
0.0933333783898957,0.3333333333333333,1696,29.25
0.0917570505346423,0.1333333333333333,452,17.22
0.0557561534837914,0.0666666666666666,916,16.49
0.1015694224131122,0.0666666666666666,612,13.04
0.0952637392329129,0.0,1034,15.81
0.127085453736659,0.0666666666666666,862,10.67
0.0817766952855043,0.0666666666666666,733,21.46
0.1258363892105549,0.1333333333333333,738,24.17
0.1093630634589956,0.0666666666666666,630,7.96
0.1596679942905541,0.2666666666666666,663,33.2
0.1173969974887455,0.1333333333333333,628,25.07
0.1616948876897146,0.1333333333333333,724,20.78
0.1567499969434297,0.0666666666666666,739,15.53
0.0826187088064943,0.0666666666666666,917,24.68
0.1229281742752043,0.0666666666666666,766,24.51
0.1012972514595328,0.0666666666666666,519,15.25
0.0788570485516413,0.1333333333333333,1152,14.23
0.045417523227066,0.0,204,3.16
0.1002582661744906,0.0666666666666666,831,17.0
0.1279225222286657,0.2,667,24.11
0.0663220239125903,0.0,753,1.36
0.0774977168282933,0.0,1210,31.62
0.1479918150806442,0.2,1249,41.11
0.1559892230048006,0.2,1375,21.74
0.0221718307852568,0.0666666666666666,624,10.05
0.0737570920726009,0.0666666666666666,709,14.29
0.0503144077068752,0.0666666666666666,1186,6.78
0.0414912444696301,0.0,428,10.67
0.0754878854566317,0.0,359,22.92
0.1348028112291935,0.2,819,26.48
0.1046037604794501,0.2666666666666666,818,33.99
0.0867971585933547,0.1333333333333333,843,32.81
0.0919882270135658,0.0,630,8.19
0.1028815965830115,0.0666666666666666,619,6.78
0.1521055708076397,0.3333333333333333,1521,26.09
0.1170968772297738,0.2,401,11.69
0.2388350026942911,0.1333333333333333,152,5.14
0.1038865469615412,0.1333333333333333,266,12.76
0.2608203301983074,0.0666666666666666,811,44.49
0.1005286147192,0.1333333333333333,931,8.13
0.1027772877888932,0.0666666666666666,951,20.38
0.1984131520438736,0.0666666666666666,968,18.97
0.1273650308309789,0.1333333333333333,695,20.21
0.1206458763560282,0.0666666666666666,723,29.47
0.1313772590407178,0.1333333333333333,452,28.51
0.1115728185275238,0.1333333333333333,1010,14.68
0.107180633153707,0.0666666666666666,904,10.67
0.1148265489308209,0.3333333333333333,674,19.59
0.1454773596479289,0.0666666666666666,778,11.74
0.1294147821783188,0.0666666666666666,689,30.04
0.1236742681298302,0.2666666666666666,827,20.61
0.0862217384238116,0.1333333333333333,364,20.16
0.1008074394866865,0.0,285,17.39
0.0711604879713749,0.0666666666666666,857,14.46
0.0719948523305592,0.0666666666666666,868,14.46
0.0628901018363473,0.0666666666666666,887,14.46
0.0698582510715223,0.1333333333333333,965,17.22
0.0603989832414843,0.0666666666666666,610,8.13
0.0600594086865327,0.0,698,18.97
0.1145386487208347,0.2666666666666666,787,22.7
0.1074998605761145,0.1333333333333333,1939,28.46
0.0633511016777689,0.1333333333333333,637,28.06
0.183247929997898,0.1333333333333333,759,23.49
0.1014001402129567,0.1333333333333333,874,23.72
0.161377967496289,0.2666666666666666,974,32.24
0.0746373126860343,0.0666666666666666,426,10.67
0.0902035113119086,0.0666666666666666,941,19.76
0.1418178399965786,0.1333333333333333,808,17.0
0.1195647192560276,0.0666666666666666,468,18.63
0.0906930189533459,0.0666666666666666,625,12.87
0.1862368664632104,0.2,707,29.25
0.096827355891164,0.0,909,18.58
0.1831533263278146,0.0666666666666666,729,26.09
0.1757115549219332,0.0,745,21.8
0.1736973092069668,0.1333333333333333,1109,18.97
0.0864058690481001,0.2,689,20.05
0.0658416119621781,0.1333333333333333,1291,21.34
0.1258176198144305,0.2,851,24.62
0.0820518344243889,0.0666666666666666,649,30.04
0.0773444649316792,0.0666666666666666,593,1.36
0.0936804760731122,0.0666666666666666,759,16.21
0.1358052289007487,0.0,1187,43.08
0.0398644136267523,0.1333333333333333,1557,25.52
0.0860553120510785,0.0,1059,11.86
0.1146900443193664,0.1333333333333333,1157,16.66
0.0771748361454881,0.0,1027,8.13
0.1112235466970318,0.0666666666666666,572,17.22
0.042437406955218,0.0666666666666666,812,9.37
0.1149698508750166,0.3333333333333333,720,19.37
0.1292407203837335,0.3333333333333333,631,20.78
0.1185756179640808,0.2,888,19.99
0.0590780681710909,0.0,623,19.2
0.0772582921938162,0.0666666666666666,799,19.93
0.0631879888906975,0.0666666666666666,889,32.02
0.1696443453390469,0.2,1066,20.55
0.1595502458595664,0.0666666666666666,374,8.02
0.1049567253438711,0.2,624,19.65
0.2211348706911326,0.2,1035,26.88
0.1335308300571787,0.0666666666666666,365,18.58
0.089661490164586,0.0666666666666666,2541,23.72
0.1034397224916629,0.2,1033,22.76
0.0714016883228287,0.0666666666666666,766,0.0
0.1384425336167437,0.1333333333333333,965,22.92
0.0713962193973959,0.0666666666666666,620,9.2
0.125974908632749,0.0666666666666666,640,8.87
0.1133054348386516,0.0,357,8.13
0.1440949321987105,0.1333333333333333,934,35.57
0.0459263754028164,0.2,742,13.21
0.1224326864630991,0.0666666666666666,920,15.47
0.1809318184612899,0.0666666666666666,717,34.78
0.0987153918368651,0.0666666666666666,717,24.73
0.072909699684759,0.2,2445,20.55
0.1396689421898875,0.2666666666666666,1034,27.44
0.0936318658531978,0.1333333333333333,895,20.55
0.1314185908556837,0.2,836,14.57
0.1004820521576839,0.0666666666666666,740,0.0
0.1532985827643239,0.0666666666666666,1067,11.86
0.3180964189175654,0.1052631578947368,741,45.1
0.0722952514405989,0.0526315789473684,283,29.9
0.0505792070545179,0.1578947368421052,752,33.29
0.0308510339938041,0.2105263157894736,806,14.36
0.0851713305497382,0.2631578947368421,794,32.53
0.2247188827820721,0.3157894736842105,799,35.7
0.0312589018634704,0.1052631578947368,639,18.3
0.0848093934514307,0.3157894736842105,1006,41.99
0.2651061475200953,0.2631578947368421,726,34.25
0.0518966571989556,0.2631578947368421,3455,15.4
0.1171520059281866,0.2105263157894736,684,49.45
0.099382492319002,0.2105263157894736,904,25.55
0.3203352854657609,0.2631578947368421,816,45.58
0.3361280919916893,0.2105263157894736,679,45.37
0.0248077196624076,0.1052631578947368,193,15.4
0.4535934967513335,0.3157894736842105,415,52.35
0.1456909416160214,0.2631578947368421,774,34.46
0.1048210412781549,0.2105263157894736,841,37.64
0.0458108544243996,0.2105263157894736,630,22.86
0.0580690764738784,0.2631578947368421,849,28.94
0.0424606496893698,0.3157894736842105,638,48.96
0.3552878839317257,0.2631578947368421,813,61.81
0.1512354322499516,0.3157894736842105,632,38.6
0.085240656468197,0.3157894736842105,720,21.41
0.028886125067297,0.1578947368421052,655,18.3
0.5109843613812627,0.2631578947368421,801,41.99
0.0606564637001114,0.3157894736842105,846,28.94
0.2745938440092748,0.4210526315789473,699,46.06
0.1097035134437586,0.1052631578947368,267,33.22
0.1147495661233785,0.2631578947368421,710,27.69
0.2809703953360535,0.1578947368421052,444,27.97
0.056610221897389,0.2105263157894736,674,45.86
0.0756572484368673,0.4736842105263157,728,45.86
0.2784043500732966,0.3684210526315789,658,56.98
0.1704452631495234,0.2105263157894736,757,30.11
0.1388500789362347,0.2105263157894736,1538,23.83
0.0229112325849639,0.1052631578947368,616,22.17
0.2888044298867576,0.3684210526315789,737,53.31
0.0296618245608591,0.2105263157894736,792,21.69
0.0379121068526706,0.3684210526315789,671,14.16
0.0489486258243763,0.4736842105263157,808,27.69
0.0357302555106059,0.2105263157894736,613,15.4
0.0325693315553429,0.2105263157894736,504,23.83
0.1009667135700025,0.2105263157894736,432,33.77
0.030565497544849,0.0526315789473684,134,8.77
0.0291355872904609,0.1052631578947368,337,29.42
0.0512841663703915,0.2631578947368421,855,28.94
0.0446956419941914,0.2105263157894736,912,15.4
0.2013308513166922,0.4210526315789473,806,52.35
0.0777677952697687,0.2631578947368421,773,15.68
0.1082662925161635,0.2631578947368421,735,23.07
0.0351249857377752,0.0526315789473684,647,20.93
0.0611993009498111,0.2105263157894736,744,17.54
0.0410947396428689,0.3157894736842105,1122,20.44
0.0479281541242705,0.3157894736842105,873,15.4
0.2832504315301742,0.2105263157894736,840,38.12
0.1752943277315491,0.3157894736842105,455,24.79
0.0416480494792857,0.2105263157894736,678,15.4
0.0426813342272705,0.1578947368421052,747,21.69
0.0411500976407172,0.3157894736842105,677,15.4
0.3187013228162405,0.3684210526315789,1510,60.84
0.1594327123293882,0.3157894736842105,808,60.57
0.0812327592538153,0.2105263157894736,638,13.95
0.0303956911675342,0.2631578947368421,829,12.91
0.1013157249802641,0.4210526315789473,1027,27.69
0.0307334096387775,0.2105263157894736,647,28.66
0.0503052200636453,0.2105263157894736,1037,33.29
0.041045158980772,0.2631578947368421,1398,36.88
0.3924494019633346,0.3684210526315789,725,53.11
0.0379555347689552,0.1052631578947368,704,31.35
0.3868853986232286,0.5263157894736842,976,40.26
0.0335489134630768,0.2631578947368421,904,15.4
0.0422225781979071,0.3157894736842105,605,15.4
0.1010919158168638,0.2631578947368421,1154,29.9
0.0794289413991785,0.1578947368421052,686,28.94
0.1401458312147737,0.2105263157894736,731,26.04
0.0932027106783418,0.1578947368421052,810,36.4
0.2116903001641192,0.4210526315789473,679,48.96
0.0359001236184203,0.2631578947368421,464,11.46
0.26298959341624,0.2105263157894736,777,64.23
0.0691592543166449,0.2631578947368421,709,52.62
0.1103109227553259,0.2105263157894736,882,46.82
0.0882510195919923,0.3157894736842105,901,44.13
0.1127596318471766,0.2631578947368421,645,15.4
0.5064811632396776,0.3684210526315789,654,59.6
0.1393286052910197,0.3684210526315789,1038,45.86
0.0597891867421284,0.4736842105263157,1208,20.44
0.0378715600214756,0.3157894736842105,850,39.09
0.0369491700140925,0.2105263157894736,595,11.46
0.0303939062611725,0.2105263157894736,531,20.93
0.0239526344734706,0.1052631578947368,586,15.4
0.0911568162284619,0.2631578947368421,713,28.94
0.084289613008216,0.2105263157894736,807,38.6
0.1583914228173187,0.2631578947368421,618,46.82
0.0439156401197512,0.1578947368421052,668,33.29
0.0438275904467575,0.2631578947368421,864,25.55
0.0422213705235437,0.3157894736842105,740,22.65
0.287772667314968,0.4210526315789473,735,72.44
0.3787190184955175,0.5263157894736842,1163,64.43
0.3303468212244961,0.2631578947368421,723,67.13
0.0845277148019598,0.3157894736842105,645,32.73
0.0831632309810086,0.1578947368421052,1077,37.64
0.1437308907081701,0.3157894736842105,622,39.5
0.05842513495972,0.2105263157894736,772,22.17
0.2270431067108009,0.2105263157894736,1793,52.83
0.0544610713805366,0.3684210526315789,984,37.64
0.0885445293153474,0.3684210526315789,1059,37.85
0.1135109908519607,0.3157894736842105,657,23.83
0.1083687154543254,0.3157894736842105,1189,55.25
0.2183931021132958,0.1578947368421052,699,46.82
0.0581592333321991,0.1578947368421052,998,40.54
0.0814414501874157,0.1578947368421052,679,40.26
0.0344462009806834,0.1578947368421052,225,20.44
0.0347687846313086,0.1578947368421052,456,19.2
0.0433302331623687,0.2631578947368421,1154,48.48
0.144571136320897,0.3684210526315789,764,44.13
0.0264611544416269,0.1052631578947368,829,14.16
0.1142041778679007,0.2631578947368421,686,51.86
0.1157721565889075,0.0,200,0.0
0.0850044041794815,0.1666666666666666,703,16.55
0.083128786783949,0.0,214,11.68
0.1114980420718356,0.1,674,13.14
0.1738473715790959,0.1666666666666666,785,30.6
0.0869384024287143,0.0,107,1.28
0.090747435968264,0.0333333333333333,450,22.63
0.2413284658489913,0.1333333333333333,962,61.68
0.2849677027274936,0.0333333333333333,382,29.81
0.3178443982942637,0.1666666666666666,679,63.81
0.2227856771516929,0.1666666666666666,745,63.81
0.234300713330654,0.1,688,33.03
0.2462319941948647,0.2,615,48.91
0.2528816695323317,0.0333333333333333,222,15.15
0.3834918902231277,0.1333333333333333,1484,75.73
0.4337188018012882,0.3,915,77.86
0.3421951158456568,0.1333333333333333,1138,66.79
0.5298634212027434,0.2,936,57.85
0.4375557366780185,0.2333333333333333,706,36.37
0.1250907751324691,0.0333333333333333,255,11.98
0.3194617762411418,0.3,925,63.38
0.1309730697943479,0.0666666666666666,700,8.76
0.054993080822207,0.2,2627,24.45
0.0985033943606614,0.1,560,27.86
0.1156382443397718,0.0666666666666666,1554,25.12
0.223917199393578,0.1333333333333333,649,45.13
0.4262326861962264,0.1,1184,63.38
0.0915129155603695,0.0333333333333333,342,11.86
0.387368294582766,0.1333333333333333,921,56.14
0.2923877566623214,0.0666666666666666,674,55.72
0.2284388102458324,0.1333333333333333,266,28.77
0.4045182465368947,0.3333333333333333,934,78.71
0.2136888450353645,0.1333333333333333,615,27.86
0.4132971743230119,0.1,939,64.66
0.1910391745299565,0.3,3125,65.51
0.1616418802740202,0.0666666666666666,888,53.16
0.2314278233416073,0.1666666666666666,501,37.65
0.3414551686615834,0.3333333333333333,995,60.4
0.1746626268077524,0.1,675,57.42
0.1712681718504903,0.1666666666666666,1029,27.43
0.4171544499314266,0.2,694,66.79
0.2640823555308468,0.0666666666666666,508,21.05
0.3198017422478076,0.1333333333333333,723,68.92
0.4390836241485232,0.3333333333333333,994,62.1
0.4915357084503212,0.2666666666666666,863,75.3
0.3853921979044816,0.1,648,58.27
0.4376100626446644,0.2333333333333333,600,64.23
0.1635363610498084,0.0666666666666666,804,21.35
0.1048003317650447,0.1666666666666666,775,16.79
0.1677713110321216,0.1666666666666666,657,41.48
0.35893634497932,0.1333333333333333,815,58.27
0.288676649919597,0.1666666666666666,606,50.18
0.381276681654133,0.2333333333333333,1097,75.73
0.3940557741090064,0.1333333333333333,926,60.83
0.3908550219844373,0.1666666666666666,1041,53.59
0.0993293019891625,0.1333333333333333,666,25.91
0.5138673212592185,0.2666666666666666,706,72.32
0.2273062152555431,0.0,453,40.39
0.2720955149793208,0.1,1040,59.55
0.133727382834229,0.1666666666666666,681,49.76
0.3843432448615483,0.1666666666666666,468,51.46
0.3399618228740856,0.1333333333333333,642,71.05
0.186898937813315,0.0333333333333333,819,55.54
0.222750718476077,0.2,1527,59.55
0.3356263485821271,0.2333333333333333,777,57.42
0.2707637070772455,0.2333333333333333,778,44.22
0.3278149279849752,0.1666666666666666,1225,59.55
0.5098376217537395,0.2666666666666666,800,69.34
0.1446973218354854,0.1333333333333333,983,41.24
0.0926721118826248,0.1666666666666666,620,18.92
0.462016008007911,0.2666666666666666,1266,79.56
0.3146508983176897,0.1,412,45.92
0.246016411022278,0.3,841,77.86
0.1245066459999587,0.3666666666666666,1278,33.58
0.2859502485401432,0.1666666666666666,1241,78.71
0.2342932634569003,0.0666666666666666,770,69.34
0.1077819587709047,0.1333333333333333,1461,41.91
0.0840093341327699,0.1666666666666666,778,13.02
0.3657588779993544,0.1666666666666666,1131,71.05
0.1251128181414237,0.1,828,42.94
0.1231567656331429,0.1333333333333333,646,22.75
0.4917639177448015,0.4,3919,77.86
0.4150258128198164,0.2,1060,80.41
0.2572246646707462,0.1333333333333333,1102,65.51
0.1217125889428633,0.0333333333333333,439,45.32
0.3898348652358908,0.1666666666666666,1143,75.73
0.2548068911453437,0.2333333333333333,775,69.34
0.2337139886653222,0.0666666666666666,785,22.51
0.1060575819355844,0.0333333333333333,735,20.38
0.1365635940547765,0.0333333333333333,232,7.54
0.401266526817349,0.2333333333333333,838,61.68
0.2922947788969604,0.2666666666666666,1183,69.34
0.2977414232202804,0.1333333333333333,1040,44.89
0.390843343007988,0.2666666666666666,687,76.16
0.37482726372281,0.2333333333333333,948,68.07
0.0807402593686128,0.0,228,11.68
0.1501256342518583,0.1,715,31.69
0.4466998904088247,0.2666666666666666,708,78.28
0.1849474455228015,0.0666666666666666,321,39.11
0.1161582274555489,0.0333333333333333,862,66.79
0.3484349808347667,0.2666666666666666,874,85.1
0.2063426067347017,0.1666666666666666,354,33.82
0.0581091211962763,0.0666666666666666,836,13.14
0.3325146222086121,0.2333333333333333,1337,72.75
0.3286517134245932,0.2666666666666666,890,65.51
0.3152568855458436,0.1666666666666666,684,33.58
0.2235651686015589,0.0666666666666666,648,37.9
0.0606942788586844,0.0333333333333333,165,5.66
0.1904471751480187,0.2666666666666666,1370,56.14
0.1509604851400041,0.1,731,40.45
0.0886953821881442,0.0333333333333333,296,18.07
0.1223081285869903,0.1333333333333333,742,18.49
0.0826335231138242,0.2631578947368421,836,29.86
0.2421589369104618,0.1052631578947368,714,80.36
0.0932205794076203,0.2105263157894736,457,35.47
0.4003496844614591,0.3684210526315789,1006,72.65
0.313132695536588,0.1052631578947368,768,70.54
0.0638680383772619,0.1578947368421052,713,29.16
0.0392524608461872,0.1052631578947368,1179,35.47
0.3699798455117359,0.3157894736842105,764,76.85
0.3346420430632221,0.2631578947368421,1011,81.76
0.4608173464912569,0.4736842105263157,921,95.79
0.4481643728685087,0.4210526315789473,1109,91.58
0.3023185976446336,0.2631578947368421,737,84.57
0.1593919079542076,0.2631578947368421,1169,66.33
0.2459659075991455,0.1578947368421052,710,78.26
0.2284403570659424,0.2631578947368421,709,59.32
0.2689660983876087,0.3157894736842105,721,81.76
0.3496259191587303,0.2631578947368421,858,84.57
0.3499810877626102,0.4210526315789473,807,85.27
0.4521241169293252,0.4210526315789473,767,76.85
0.3196988766607314,0.3684210526315789,343,76.15
0.2365928318313225,0.4736842105263157,834,85.27
0.1113265746104031,0.2105263157894736,770,43.19
0.3106874978668506,0.2631578947368421,678,82.46
0.3429815323934067,0.4210526315789473,732,56.81
0.4631882483753575,0.4736842105263157,1444,79.66
0.3018234624185971,0.2105263157894736,562,96.49
0.3588573209017063,0.4210526315789473,1071,85.97
0.5419643281491213,0.3157894736842105,1253,95.79
0.2285366150049356,0.2105263157894736,709,60.72
0.1135314582110228,0.3157894736842105,741,54.41
0.1016318915355494,0.1578947368421052,882,44.59
0.0843819280086261,0.2105263157894736,620,43.99
0.267555986752996,0.3684210526315789,831,89.48
0.506450724046358,0.3684210526315789,1010,90.88
0.1949639066096941,0.3684210526315789,1319,72.65
0.3283302189214042,0.3157894736842105,245,30.36
0.1510714018972344,0.2105263157894736,843,48.1
0.2154003038898847,0.1578947368421052,766,77.56
0.1572614487223899,0.3157894736842105,1101,70.54
0.1166276196681163,0.1578947368421052,1455,44.59
0.0448059244447853,0.0526315789473684,871,25.65
0.1233767143242784,0.3684210526315789,1102,71.94
0.2128664935969698,0.3157894736842105,404,76.45
0.3280099986642908,0.2631578947368421,633,81.06
0.2212986886518846,0.2105263157894736,701,55.81
0.0537760069001925,0.0526315789473684,1046,18.64
0.1481712479380018,0.3157894736842105,594,25.65
0.3609174981028868,0.2105263157894736,617,91.58
0.3469670336261567,0.4210526315789473,1331,71.24
0.1926979583247685,0.2631578947368421,642,64.93
0.2130344557242312,0.3157894736842105,627,78.26
0.0918483822603689,0.2631578947368421,1368,34.07
0.3917418595937272,0.2631578947368421,649,74.75
0.2165731468854514,0.3157894736842105,875,81.76
0.2335420029417886,0.3157894736842105,728,76.15
0.2734823001618113,0.3684210526315789,1230,80.36
0.2610326323560762,0.3157894736842105,796,79.66
0.1710593501202783,0.2631578947368421,871,68.44
0.1764387783507764,0.2631578947368421,724,65.03
0.4297325739452616,0.4736842105263157,1284,76.85
0.2981215655847316,0.2105263157894736,945,85.97
0.4215604358759506,0.2631578947368421,669,83.17
0.113925621301118,0.1578947368421052,876,52.3
0.5324779194524702,0.3157894736842105,720,90.88
0.1779876884471125,0.2105263157894736,824,60.02
0.0870362317883673,0.1578947368421052,647,33.37
0.2024076791025499,0.1578947368421052,488,62.12
0.2303015909867108,0.2631578947368421,632,55.81
0.1667446216241773,0.2631578947368421,754,37.88
0.0470162132680487,0.2631578947368421,665,27.76
0.2761446456234063,0.4210526315789473,593,74.05
0.187658971213666,0.4210526315789473,2625,80.36
0.1226347084972791,0.2631578947368421,489,35.57
0.0701728662337212,0.2631578947368421,5193,67.74
0.3061988528110922,0.3684210526315789,789,72.65
0.3089077518349399,0.3157894736842105,1270,74.05
0.248636260181227,0.1578947368421052,878,65.93
0.424928111534199,0.3684210526315789,1051,82.46
0.0884626174984829,0.2105263157894736,702,34.07
0.3104390941226119,0.2631578947368421,646,70.54
0.2990922286365559,0.3157894736842105,667,79.66
0.142034775911637,0.1578947368421052,722,64.23
0.3785712468064219,0.2631578947368421,811,89.48
0.1194684090895223,0.3157894736842105,740,45.99
0.2468754129323815,0.4210526315789473,648,69.44
0.1687581172182193,0.1052631578947368,789,52.3
0.064564042014444,0.2105263157894736,768,27.15
0.0821526567024282,0.2105263157894736,593,43.89
0.3247535901071569,0.3157894736842105,825,86.67
0.2778844075518843,0.4210526315789473,766,89.48
0.1474946253324796,0.1052631578947368,356,60.02
0.0554927193145687,0.2105263157894736,568,25.05
0.1393166933584875,0.1578947368421052,1470,55.11
0.1456462448530267,0.2105263157894736,676,48.8
0.2829529936519084,0.3157894736842105,658,57.92
0.1041399179940522,0.2105263157894736,712,38.28
0.3547079665166463,0.3684210526315789,1932,95.79
0.331778647814058,0.3157894736842105,720,81.76
0.4231218608938611,0.2631578947368421,916,64.93
0.112650969235567,0.2105263157894736,471,34.07
0.1346352482758189,0.1578947368421052,717,39.68
0.2596982805861432,0.2631578947368421,537,77.56
0.1488501443355181,0.2105263157894736,1139,56.51
0.1520297808465887,0.4210526315789473,704,67.03
0.1619857664062909,0.2631578947368421,930,66.33
0.2687610916991803,0.3157894736842105,714,76.15
0.1420497109945627,0.2105263157894736,727,45.99
0.1405246150081786,0.4210526315789473,814,72.65
0.1853911822794643,0.1578947368421052,756,57.31
0.4125495759609584,0.2631578947368421,1299,76.85
0.1363755165091721,0.2631578947368421,650,54.41
0.218635025996435,0.1176470588235294,383,42.42
0.0745394354444418,0.0588235294117647,224,19.09
0.2344974521918718,0.2941176470588235,876,70.3
0.1203983143976414,0.1764705882352941,241,25.53
0.1788406810044256,0.1176470588235294,389,32.27
0.21302931203743,0.1176470588235294,775,32.35
0.1521951782679689,0.1176470588235294,747,75.83
0.1043817031929087,0.1176470588235294,718,27.58
0.182894550553677,0.1764705882352941,1139,47.27
0.109064654925054,0.1176470588235294,554,49.32
0.2601829193465051,0.2352941176470588,611,39.32
0.2014546339443367,0.1764705882352941,642,62.88
0.1376928722410815,0.2941176470588235,939,46.44
0.1217152043638561,0.2941176470588235,829,36.59
0.0580747164252146,0.0,209,7.27
0.111216816924796,0.0588235294117647,392,19.62
0.1344709953732437,0.2352941176470588,581,33.94
0.2672093245866635,0.1764705882352941,653,55.76
0.1936981407646172,0.1764705882352941,685,53.26
0.1499662864257235,0.1764705882352941,708,51.97
0.1901268377426243,0.1764705882352941,665,62.35
0.0711118679561645,0.1764705882352941,1136,24.92
0.0894057992056455,0.1764705882352941,703,40.83
0.2803187984162163,0.2941176470588235,1291,89.39
0.2981991109466787,0.3529411764705882,754,77.73
0.1732837817040552,0.2352941176470588,705,44.85
0.1670470935194562,0.1764705882352941,695,60.23
0.4710977274646223,0.2941176470588235,1261,90.98
0.0981125490352292,0.2352941176470588,765,35.53
0.287646840146315,0.2941176470588235,859,77.73
0.2166463858261768,0.3529411764705882,926,58.03
0.1545377377304713,0.0588235294117647,1093,26.14
0.1178099763167373,0.1176470588235294,1114,36.14
0.1515101867320038,0.0588235294117647,715,26.52
0.1777415584688585,0.1764705882352941,667,60.15
0.0542451712443368,0.1176470588235294,754,0.0
0.4465973243764916,0.1764705882352941,622,61.52
0.1887515413896995,0.2352941176470588,610,51.44
0.3648395859040744,0.2941176470588235,752,58.86
0.1788488695395788,0.1764705882352941,1509,80.15
0.281187006219517,0.4705882352941176,809,61.74
0.0674318123058575,0.1176470588235294,1343,42.5
0.0854600383297147,0.1764705882352941,985,24.32
0.2153422449398564,0.2941176470588235,1107,49.09
0.217928296958631,0.2352941176470588,691,83.48
0.1704868184342961,0.1764705882352941,947,64.7
0.198277189676931,0.2941176470588235,820,85.68
0.1563610750454298,0.1176470588235294,664,74.55
0.066084050483648,0.0588235294117647,596,23.33
0.2316636569123361,0.1764705882352941,581,60.98
0.0893963675187485,0.1764705882352941,2063,71.89
0.0861423880675776,0.3529411764705882,864,45.3
0.0358539704895992,0.0588235294117647,1064,29.7
0.090747757768072,0.1176470588235294,1377,30.83
0.1629194591278098,0.1176470588235294,870,52.5
0.2350387996623301,0.1764705882352941,395,49.32
0.2672072617884134,0.2352941176470588,729,62.12
0.2340857202944833,0.2941176470588235,852,76.14
0.0877554990728557,0.1176470588235294,592,36.29
0.1322797467927647,0.1764705882352941,837,49.85
0.1948392707706766,0.2352941176470588,863,74.55
0.1676793661429424,0.1764705882352941,856,32.88
0.1187115224767691,0.1176470588235294,1047,23.86
0.1230639141805041,0.0588235294117647,350,34.02
0.2011033525749059,0.2941176470588235,682,36.06
0.2750999594849174,0.1764705882352941,673,44.32
0.1017676348241007,0.0588235294117647,926,29.17
0.2436931367669672,0.2352941176470588,933,62.8
0.0730308019446043,0.1176470588235294,681,33.11
0.1268333464340481,0.1764705882352941,865,61.82
0.2290661339006225,0.1176470588235294,754,60.68
0.0467082732476756,0.0588235294117647,1039,11.14
0.1849741000512214,0.1764705882352941,1561,63.41
0.1201564405663698,0.2941176470588235,791,56.97
0.0785909491444178,0.1176470588235294,666,45.61
0.0959652968437513,0.1176470588235294,684,65.45
0.227257722115351,0.2352941176470588,965,44.85
0.0884975515956479,0.1764705882352941,831,65.0
0.1171688706041202,0.1764705882352941,1278,39.55
0.1810377154838285,0.2352941176470588,769,83.56
0.1445353342273952,0.2352941176470588,756,33.94
0.3078386029433294,0.2941176470588235,657,75.61
0.0712007551019555,0.2352941176470588,864,41.89
0.2541281749783063,0.2352941176470588,630,60.68
0.1740202014508979,0.1764705882352941,896,47.2
0.1580927859573394,0.1764705882352941,677,64.47
0.276175125553142,0.2941176470588235,1090,78.79
0.1721185132617063,0.1764705882352941,641,62.35
0.1206682137606691,0.1176470588235294,454,55.38
0.1787519583385454,0.1764705882352941,806,47.2
0.1458368027698466,0.1176470588235294,259,59.39
0.0810198685516979,0.1176470588235294,621,39.47
0.1980943200294151,0.2352941176470588,696,55.23
0.0892528825001245,0.1176470588235294,1699,24.02
0.1091512047652124,0.1764705882352941,720,49.55
0.1173059735555017,0.1176470588235294,413,44.55
0.0898395007594702,0.0588235294117647,676,65.23
0.1249929925340339,0.1176470588235294,660,28.71
0.2635531125648311,0.1764705882352941,631,41.36
0.1118229234354166,0.2941176470588235,742,33.41
0.3577277016171052,0.4117647058823529,1135,82.95
0.1209202439499415,0.1764705882352941,685,20.68
0.0631620085862165,0.1176470588235294,1019,45.61
0.1253022327053657,0.1764705882352941,975,27.65
0.0758075560781911,0.1764705882352941,859,35.0
0.2282265592375982,0.1764705882352941,729,68.48
0.2249084835581775,0.1176470588235294,705,72.2
0.2339798359453256,0.1764705882352941,444,76.89
0.1691415699615999,0.1176470588235294,605,56.97
0.11766258137662,0.1764705882352941,302,36.59
0.0341101156923468,0.1764705882352941,699,30.76
0.2680698307223582,0.3529411764705882,920,71.29
0.0869371325204027,0.1764705882352941,903,62.35
0.204251972792285,0.2352941176470588,693,60.23
0.1892057291418775,0.0588235294117647,664,72.88
0.216971229071635,0.1111111111111111,654,54.4
0.1854299064741868,0.0555555555555555,844,31.6
0.0336198940228756,0.1111111111111111,446,19.71
0.0335128896155091,0.0,248,23.05
0.1356788253388374,0.1666666666666666,1059,62.95
0.0734273573894019,0.2777777777777778,740,37.95
0.0350242129235039,0.0555555555555555,679,13.44
0.0570698970467949,0.0555555555555555,999,13.44
0.3123094735909095,0.0555555555555555,660,44.14
0.0489764187500632,0.1666666666666666,499,33.39
0.0482688503983804,0.2222222222222222,258,17.1
0.1143986363970828,0.3333333333333333,1142,53.83
0.0584164537416044,0.1111111111111111,920,19.95
0.0520800675274468,0.1111111111111111,644,35.67
0.0499275360321637,0.1111111111111111,629,19.95
0.0461524605557175,0.0,917,21.34
0.0458739943394501,0.2222222222222222,652,36.24
0.0527701731632689,0.1666666666666666,1286,44.22
0.0575184483674484,0.1666666666666666,680,40.47
0.0289906814139403,0.1666666666666666,563,21.42
0.0498914447677446,0.2777777777777778,1296,26.79
0.0487087971991039,0.1666666666666666,849,35.67
0.14913767319368,0.1666666666666666,825,45.28
0.0769801703698148,0.2222222222222222,892,44.22
0.3782024382738169,0.0,661,52.12
0.008179304110614,0.0,380,10.34
0.0655216519438958,0.2222222222222222,647,28.26
0.0402112516039964,0.1666666666666666,707,19.71
0.2543888079953139,0.0555555555555555,761,72.64
0.0288733055790447,0.0,684,0.0
0.0341768975020338,0.2222222222222222,862,36.24
0.0395315597093869,0.0555555555555555,438,12.3
0.0490910385814233,0.1666666666666666,477,42.51
0.0442091329766146,0.1111111111111111,676,22.23
0.0432095157758457,0.1666666666666666,735,40.23
0.0547997935489449,0.1666666666666666,657,21.42
0.0444757873015396,0.0555555555555555,953,22.23
0.06878646877602,0.2222222222222222,1151,43.08
0.0616657694759682,0.2222222222222222,621,29.72
0.0246737885948054,0.2222222222222222,1259,54.72
0.1013992536982527,0.2777777777777778,1089,32.74
0.2351332595015112,0.2777777777777778,619,70.36
0.075148100913023,0.0555555555555555,881,37.3
0.0864777792446785,0.0,1021,48.7
0.113019229997989,0.3888888888888889,781,49.59
0.053294200505995,0.1666666666666666,765,34.2
0.0253581631732109,0.0,246,16.04
0.0430313449645482,0.1666666666666666,1085,18.24
0.0411514022931425,0.2222222222222222,756,26.55
0.2015634417175867,0.2222222222222222,1072,53.26
0.0517276810161877,0.1111111111111111,882,32.25
0.0456644480950327,0.1111111111111111,633,37.95
0.0446371866126463,0.1111111111111111,663,20.6
0.0667679819815906,0.3888888888888889,569,44.22
0.0465019856354136,0.1666666666666666,736,22.23
0.0755303168266551,0.1111111111111111,295,25.41
0.0648658719916643,0.2222222222222222,953,44.22
0.0528115356390494,0.1111111111111111,1504,55.29
0.0242740983314675,0.1111111111111111,162,20.28
0.0578016107928777,0.2222222222222222,1292,29.32
0.0385714061163838,0.2222222222222222,787,24.27
0.0813004693123361,0.1111111111111111,1361,45.28
0.0625006825695161,0.2777777777777778,668,42.75
0.0354868029109148,0.1666666666666666,927,23.7
0.0231820145423181,0.1111111111111111,655,0.0
0.1091555097053619,0.2777777777777778,687,51.63
0.0741295272086128,0.2777777777777778,1496,51.06
0.0402485745021204,0.1666666666666666,1207,19.71
0.087373610789462,0.2222222222222222,618,53.26
0.0534290432159711,0.2222222222222222,650,36.24
0.1442891057464662,0.2222222222222222,617,29.72
0.0290146467508249,0.1666666666666666,738,21.09
0.0468593311804153,0.1666666666666666,982,37.3
0.0267078474559051,0.0555555555555555,689,15.72
0.0355538893842178,0.1111111111111111,653,21.99
0.0571050276737235,0.0555555555555555,805,53.26
0.0190705375322591,0.0,436,23.7
0.0847700105181638,0.2222222222222222,778,49.59
0.0361200750872002,0.1666666666666666,476,16.21
0.0163304510295218,0.0555555555555555,286,8.96
0.0554408851619719,0.2777777777777778,1046,58.71
0.0529098973815197,0.2777777777777778,762,24.27
0.0494337065781177,0.2777777777777778,610,44.22
0.0258415616232221,0.1111111111111111,379,30.54
0.0391300835351087,0.1111111111111111,491,22.56
0.0207206585876384,0.0555555555555555,209,10.26
0.0484947037682601,0.1111111111111111,238,20.28
0.0733198029118747,0.2777777777777778,781,29.97
0.0298923789262013,0.1111111111111111,338,26.63
0.0317027756041827,0.2777777777777778,975,26.06
0.082828521993873,0.1666666666666666,1312,41.94
0.0354502851814653,0.2777777777777778,918,24.35
0.0264891747593535,0.1111111111111111,808,16.94
0.0736399544594474,0.2777777777777778,785,29.8
0.0263427809401355,0.0555555555555555,1166,24.27
0.0841676822601234,0.2777777777777778,1112,52.2
0.1004272494790533,0.1666666666666666,1030,62.38
0.0542977350386887,0.1666666666666666,1112,37.38
0.0399569417456418,0.0,351,23.78
0.0720386127305825,0.1666666666666666,592,51.06
0.0168026701331057,0.0555555555555555,791,11.81
0.1123802367979838,0.3888888888888889,939,51.14
0.0071588878563941,0.0555555555555555,349,6.11
0.0797904492046741,0.2222222222222222,752,25.95
0.5065252134503894,0.2222222222222222,363,46.62
0.0737054492929974,0.1111111111111111,1358,20.75
0.4378020089634957,0.3888888888888889,1022,64.56
0.0844136990467464,0.1111111111111111,785,34.04
0.1399212151252892,0.0555555555555555,700,33.4
0.0681494803335246,0.2222222222222222,1820,21.24
0.1577963481622962,0.3333333333333333,984,41.63
0.2981697729988736,0.1111111111111111,675,34.81
0.2188960043589379,0.1666666666666666,1212,47.82
0.1423141461833326,0.1666666666666666,914,51.27
0.1475634100687794,0.2222222222222222,943,43.39
0.128432809180618,0.2777777777777778,740,38.47
0.12130950704783,0.1666666666666666,668,30.8
0.3270289237190693,0.1111111111111111,698,35.23
0.1521237892376172,0.1666666666666666,760,24.19
0.0929428880974748,0.0555555555555555,844,12.94
0.1866024828862055,0.2222222222222222,849,38.96
0.3286764159729365,0.2777777777777778,862,60.13
0.1510873560225396,0.2222222222222222,656,32.07
0.0830724087961287,0.1111111111111111,755,17.79
0.135982309341422,0.2777777777777778,1285,37.48
0.258333737596677,0.3333333333333333,1248,59.14
0.1238942523646609,0.1111111111111111,979,43.11
0.3263282885128034,0.2777777777777778,840,67.02
0.1126780227365431,0.1111111111111111,1070,40.44
0.3241002188373139,0.1666666666666666,539,50.49
0.1263848008977343,0.2222222222222222,702,19.27
0.0245100190601731,0.0555555555555555,525,17.79
0.094038290461192,0.0,758,12.1
0.101316430554747,0.0555555555555555,622,49.3
0.0952134890040714,0.1666666666666666,453,38.47
0.036214152547876,0.1111111111111111,491,18.5
0.2104342522055061,0.2777777777777778,611,71.94
0.1093343308308054,0.0555555555555555,1338,32.56
0.1157683929380082,0.1111111111111111,368,13.01
0.0441553847569549,0.0,407,6.75
0.1872888930861145,0.1666666666666666,674,54.43
0.3051572010493359,0.1666666666666666,344,43.11
0.1993283673782616,0.1111111111111111,641,53.23
0.2244866488081505,0.1111111111111111,312,39.17
0.3903695410757962,0.2222222222222222,795,61.6
0.2660897480636764,0.1111111111111111,789,73.42
0.1232500035089523,0.2777777777777778,1677,54.22
0.2915279714641255,0.2222222222222222,939,37.97
0.2898438637651265,0.1666666666666666,971,57.17
0.1943342776663047,0.2777777777777778,1206,78.83
0.1517785303692741,0.0555555555555555,775,60.83
0.1138372763664977,0.1666666666666666,633,36.99
0.0972561970127929,0.1111111111111111,611,30.31
0.0767833016125608,0.1666666666666666,813,41.91
0.0654710993249067,0.1666666666666666,871,29.11
0.0834603371189384,0.0555555555555555,818,29.61
0.078494515225116,0.0555555555555555,778,16.81
0.2227247645401216,0.1111111111111111,224,5.06
0.1231560013724677,0.3333333333333333,747,52.25
0.1923478152684171,0.2222222222222222,796,40.65
0.133588331128856,0.1111111111111111,426,21.73
0.1891186948077179,0.1666666666666666,769,56.19
0.0684401391210238,0.1666666666666666,626,30.59
0.1581126336625767,0.1666666666666666,766,61.6
0.3267592312405679,0.2222222222222222,594,60.62
0.1403187243045829,0.2222222222222222,903,47.82
0.2330534332054359,0.1666666666666666,810,42.9
0.0944426779144209,0.2777777777777778,1493,44.59
0.1758348360740368,0.0555555555555555,1205,61.6
0.0183668383148448,0.0555555555555555,216,1.48
0.1048212173191067,0.2222222222222222,1006,42.9
0.1870155498137599,0.0555555555555555,912,36.01
0.1607139600777547,0.0555555555555555,419,37.2
0.1555141902474841,0.2222222222222222,697,21.73
0.1189229204966591,0.0555555555555555,924,24.89
0.2067469207824083,0.1666666666666666,619,46.55
0.1180536433623947,0.1666666666666666,651,36.01
0.1826485771770272,0.1666666666666666,701,35.23
0.1214439786805573,0.3333333333333333,571,32.07
0.0881073400215999,0.0555555555555555,777,38.96
0.1083094039195693,0.1111111111111111,676,42.9
0.3209602723673457,0.0555555555555555,189,16.67
0.2172200627369268,0.1111111111111111,509,8.02
0.2128392490517485,0.1111111111111111,1337,41.42
0.1366214780557204,0.0555555555555555,928,35.72
0.0608808430039828,0.1111111111111111,711,17.79
0.0995475154383086,0.2777777777777778,821,33.54
0.1502212522897057,0.3333333333333333,1175,61.81
0.2831910291731314,0.1666666666666666,807,47.33
0.1589881498596501,0.1666666666666666,642,44.37
0.1628414746012,0.2222222222222222,596,17.79
0.1199002816350978,0.2222222222222222,723,39.45
0.0366304100276036,0.0,703,32.42
0.0267673580630917,0.1111111111111111,433,11.53
0.1090969135006566,0.1111111111111111,746,24.19
0.0942031090996909,0.1666666666666666,652,25.18
0.1097513366459725,0.1111111111111111,1260,30.1
0.0552379150563276,0.0555555555555555,250,14.91
0.0447312793674495,0.0,649,17.51
0.0990250807129607,0.0,190,17.79
0.0956472166609849,0.0555555555555555,301,17.79
0.1042204671938508,0.2777777777777778,591,43.88
0.1326055914719652,0.1666666666666666,981,51.27
0.1441293703575925,0.1666666666666666,839,44.09
0.1576012631624714,0.1666666666666666,883,47.33
0.0654214090672231,0.1666666666666666,1190,33.54
0.3169641316256501,0.1111111111111111,920,71.94
0.0866266012665653,0.1666666666666666,676,33.05
0.2503245936539232,0.2777777777777778,716,71.94
0.0396657885140346,0.1111111111111111,934,24.19
0.1615530568512502,0.2777777777777778,878,54.71
0.1517356527465148,0.1111111111111111,701,33.05
0.0858694082491359,0.1666666666666666,735,53.73
0.1192664436900387,0.1111111111111111,1034,79.32
0.0554391583467955,0.1666666666666666,744,46.84
0.1022560901129076,0.2222222222222222,889,25.18
0.112456584811138,0.0555555555555555,227,13.01
0.0627213244299543,0.1111111111111111,656,17.79
0.1083094039195693,0.1111111111111111,676,40.15
